sgRNA_id,source,sgRNA_sequence,PAM,position,strand,CRISPRko predict,CRISPRi predict,chrom,start,end,gene,transcript,biotype,gene symbol,Region
1,gene1,GGGGAGATACCATGATCACG,AAG,14-37,+,1,1,Chr14,34546729,34546748,ENSG00000206596,ENST00000383869,snRNA,RNU1-27P,Promoter(<1kb)
1,gene1,GGGGAGATACCATGATCACG,AAG,14-37,+,1,1,Chr1,146376822,146376841,ENSG00000273768,ENST00000615842,snRNA,RNVU1-29,Promoter(<1kb)
1,gene1,GGGGAGATACCATGATCACG,AAG,14-37,+,1,1,Chr1,16895995,16896014,ENSG00000207005,ENST00000384278,snRNA,RNU1-2,Promoter(<1kb)
1,gene1,GGGGAGATACCATGATCACG,AAG,14-37,+,1,1,Chr1,16740531,16740550,ENSG00000207389,ENST00000384659,snRNA,RNU1-4,Promoter(<1kb)
1,gene1,GGGGAGATACCATGATCACG,AAG,14-37,+,1,1,ChrKI270713.1,21876,21895,ENSG00000275405,ENST00000619109,snRNA,U1,Undocumented Promoter
1,gene1,GGGGAGATACCATGATCACG,AAG,14-37,+,1,1,Chr14,34556241,34556260,ENSG00000206588,ENST00000383861,snRNA,RNU1-28P,Promoter(<1kb)
1,gene1,GGGGAGATACCATGATCACG,AAG,14-37,+,1,1,Chr1,143729422,143729441,ENSG00000206737,ENST00000384010,snRNA,RNVU1-18,Promoter(<1kb)
1,gene1,GGGGAGATACCATGATCACG,AAG,14-37,+,1,1,Chr1,16514137,16514156,ENSG00000206652,ENST00000383925,snRNA,RNU1-1,Promoter(<1kb)
1,gene1,GGGGAGATACCATGATCACG,AAG,14-37,+,1,1,Chr1,16666800,16666819,ENSG00000207513,ENST00000384782,snRNA,RNU1-3,Promoter(<1kb)
2,gene1,GAGGCTTATCCATTGCACTC,CGG,53-76,+,1,1,Chr14,34546768,34546787,ENSG00000206596,ENST00000383869,snRNA,RNU1-27P,Promoter(<1kb)
2,gene1,GAGGCTTATCCATTGCACTC,CGG,53-76,+,1,1,Chr1,146376861,146376880,ENSG00000273768,ENST00000615842,snRNA,RNVU1-29,Promoter(<1kb)
2,gene1,GAGGCTTATCCATTGCACTC,CGG,53-76,+,1,1,Chr1,16896034,16896053,ENSG00000207005,ENST00000384278,snRNA,RNU1-2,Promoter(<1kb)
2,gene1,GAGGCTTATCCATTGCACTC,CGG,53-76,+,1,1,Chr1,16740570,16740589,ENSG00000207389,ENST00000384659,snRNA,RNU1-4,Promoter(<1kb)
2,gene1,GAGGCTTATCCATTGCACTC,CGG,53-76,+,1,1,ChrKI270713.1,21915,21934,ENSG00000275405,ENST00000619109,snRNA,U1,Undocumented Promoter
2,gene1,GAGGCTTATCCATTGCACTC,CGG,53-76,+,1,1,Chr14,34556280,34556299,ENSG00000206588,ENST00000383861,snRNA,RNU1-28P,Promoter(<1kb)
2,gene1,GAGGCTTATCCATTGCACTC,CGG,53-76,+,1,1,Chr1,143729461,143729480,ENSG00000206737,ENST00000384010,snRNA,RNVU1-18,Promoter(<1kb)
2,gene1,GAGGCTTATCCATTGCACTC,CGG,53-76,+,1,1,Chr1,16514176,16514195,ENSG00000206652,ENST00000383925,snRNA,RNU1-1,Promoter(<1kb)
2,gene1,GAGGCTTATCCATTGCACTC,CGG,53-76,+,1,1,Chr1,16666839,16666858,ENSG00000207513,ENST00000384782,snRNA,RNU1-3,Promoter(<1kb)
3,gene1,CCCTGCGATTTCCCCAAATG,TGG,86-109,+,0,1,Chr14,34546801,34546820,ENSG00000206596,ENST00000383869,snRNA,RNU1-27P,Promoter(<1kb)
3,gene1,CCCTGCGATTTCCCCAAATG,TGG,86-109,+,0,1,Chr1,146376894,146376913,ENSG00000273768,ENST00000615842,snRNA,RNVU1-29,Promoter(<1kb)
3,gene1,CCCTGCGATTTCCCCAAATG,TGG,86-109,+,0,1,Chr1,16896067,16896086,ENSG00000207005,ENST00000384278,snRNA,RNU1-2,Promoter(<1kb)
3,gene1,CCCTGCGATTTCCCCAAATG,TGG,86-109,+,0,1,Chr1,16740603,16740622,ENSG00000207389,ENST00000384659,snRNA,RNU1-4,Promoter(<1kb)
3,gene1,CCCTGCGATTTCCCCAAATG,TGG,86-109,+,0,1,ChrKI270713.1,21948,21967,ENSG00000275405,ENST00000619109,snRNA,U1,Undocumented Promoter
3,gene1,CCCTGCGATTTCCCCAAATG,TGG,86-109,+,0,1,Chr14,34556313,34556332,ENSG00000206588,ENST00000383861,snRNA,RNU1-28P,Promoter(<1kb)
3,gene1,CCCTGCGATTTCCCCAAATG,TGG,86-109,+,0,1,Chr1,143729494,143729513,ENSG00000206737,ENST00000384010,snRNA,RNVU1-18,Promoter(<1kb)
3,gene1,CCCTGCGATTTCCCCAAATG,TGG,86-109,+,0,1,Chr1,16514209,16514228,ENSG00000206652,ENST00000383925,snRNA,RNU1-1,Promoter(<1kb)
3,gene1,CCCTGCGATTTCCCCAAATG,TGG,86-109,+,0,1,Chr1,16666872,16666891,ENSG00000207513,ENST00000384782,snRNA,RNU1-3,Promoter(<1kb)
4,gene1,AAACTCGACTGCATAATTTG,TGG,110-133,+,1,1,Chr14,34546825,34546844,ENSG00000206596,ENST00000383869,snRNA,RNU1-27P,Promoter(<1kb)
4,gene1,AAACTCGACTGCATAATTTG,TGG,110-133,+,1,1,Chr1,146376918,146376937,ENSG00000273768,ENST00000615842,snRNA,RNVU1-29,Promoter(<1kb)
4,gene1,AAACTCGACTGCATAATTTG,TGG,110-133,+,1,1,Chr1,16896091,16896110,ENSG00000207005,ENST00000384278,snRNA,RNU1-2,Promoter(<1kb)
4,gene1,AAACTCGACTGCATAATTTG,TGG,110-133,+,1,1,Chr1,16740627,16740646,ENSG00000207389,ENST00000384659,snRNA,RNU1-4,Promoter(<1kb)
4,gene1,AAACTCGACTGCATAATTTG,TGG,110-133,+,1,1,ChrKI270713.1,21972,21991,ENSG00000275405,ENST00000619109,snRNA,U1,Undocumented Promoter
4,gene1,AAACTCGACTGCATAATTTG,TGG,110-133,+,1,1,Chr14,34556337,34556356,ENSG00000206588,ENST00000383861,snRNA,RNU1-28P,Promoter(<1kb)
4,gene1,AAACTCGACTGCATAATTTG,TGG,110-133,+,1,1,Chr1,143729518,143729537,ENSG00000206737,ENST00000384010,snRNA,RNVU1-18,Promoter(<1kb)
4,gene1,AAACTCGACTGCATAATTTG,TGG,110-133,+,1,1,Chr1,16514233,16514252,ENSG00000206652,ENST00000383925,snRNA,RNU1-1,Promoter(<1kb)
4,gene1,AAACTCGACTGCATAATTTG,TGG,110-133,+,1,1,Chr1,16666896,16666915,ENSG00000207513,ENST00000384782,snRNA,RNU1-3,Promoter(<1kb)
5,gene1,CCCCACTACCACAAATTATG,CAG,118-141,-,1,1,Chr14,34546833,34546852,ENSG00000206596,ENST00000383869,snRNA,RNU1-27P,Promoter(<1kb)
5,gene1,CCCCACTACCACAAATTATG,CAG,118-141,-,1,1,Chr1,146376926,146376945,ENSG00000273768,ENST00000615842,snRNA,RNVU1-29,Promoter(<1kb)
5,gene1,CCCCACTACCACAAATTATG,CAG,118-141,-,1,1,Chr1,16896099,16896118,ENSG00000207005,ENST00000384278,snRNA,RNU1-2,Promoter(<1kb)
5,gene1,CCCCACTACCACAAATTATG,CAG,118-141,-,1,1,Chr1,16740635,16740654,ENSG00000207389,ENST00000384659,snRNA,RNU1-4,Promoter(<1kb)
5,gene1,CCCCACTACCACAAATTATG,CAG,118-141,-,1,1,ChrKI270713.1,21980,21999,ENSG00000275405,ENST00000619109,snRNA,U1,Undocumented Promoter
5,gene1,CCCCACTACCACAAATTATG,CAG,118-141,-,1,1,Chr14,34556345,34556364,ENSG00000206588,ENST00000383861,snRNA,RNU1-28P,Promoter(<1kb)
5,gene1,CCCCACTACCACAAATTATG,CAG,118-141,-,1,1,Chr1,143729526,143729545,ENSG00000206737,ENST00000384010,snRNA,RNVU1-18,Promoter(<1kb)
5,gene1,CCCCACTACCACAAATTATG,CAG,118-141,-,1,1,Chr1,16514241,16514260,ENSG00000206652,ENST00000383925,snRNA,RNU1-1,Promoter(<1kb)
5,gene1,CCCCACTACCACAAATTATG,CAG,118-141,-,1,1,Chr1,16666904,16666923,ENSG00000207513,ENST00000384782,snRNA,RNU1-3,Promoter(<1kb)
6,gene1,TCCCACATTTGGGGAAATCG,CAG,88-111,-,0,1,Chr14,34546803,34546822,ENSG00000206596,ENST00000383869,snRNA,RNU1-27P,Promoter(<1kb)
6,gene1,TCCCACATTTGGGGAAATCG,CAG,88-111,-,0,1,Chr1,146376896,146376915,ENSG00000273768,ENST00000615842,snRNA,RNVU1-29,Promoter(<1kb)
6,gene1,TCCCACATTTGGGGAAATCG,CAG,88-111,-,0,1,Chr1,16896069,16896088,ENSG00000207005,ENST00000384278,snRNA,RNU1-2,Promoter(<1kb)
6,gene1,TCCCACATTTGGGGAAATCG,CAG,88-111,-,0,1,Chr1,16740605,16740624,ENSG00000207389,ENST00000384659,snRNA,RNU1-4,Promoter(<1kb)
6,gene1,TCCCACATTTGGGGAAATCG,CAG,88-111,-,0,1,ChrKI270713.1,21950,21969,ENSG00000275405,ENST00000619109,snRNA,U1,Undocumented Promoter
6,gene1,TCCCACATTTGGGGAAATCG,CAG,88-111,-,0,1,Chr14,34556315,34556334,ENSG00000206588,ENST00000383861,snRNA,RNU1-28P,Promoter(<1kb)
6,gene1,TCCCACATTTGGGGAAATCG,CAG,88-111,-,0,1,Chr1,143729496,143729515,ENSG00000206737,ENST00000384010,snRNA,RNVU1-18,Promoter(<1kb)
6,gene1,TCCCACATTTGGGGAAATCG,CAG,88-111,-,0,1,Chr1,16514211,16514230,ENSG00000206652,ENST00000383925,snRNA,RNU1-1,Promoter(<1kb)
6,gene1,TCCCACATTTGGGGAAATCG,CAG,88-111,-,0,1,Chr1,16666874,16666893,ENSG00000207513,ENST00000384782,snRNA,RNU1-3,Promoter(<1kb)
7,gene1,TCAGCACATCCGGAGTGCAA,TGG,62-85,-,0,1,Chr14,34546777,34546796,ENSG00000206596,ENST00000383869,snRNA,RNU1-27P,Promoter(<1kb)
7,gene1,TCAGCACATCCGGAGTGCAA,TGG,62-85,-,0,1,Chr1,146376870,146376889,ENSG00000273768,ENST00000615842,snRNA,RNVU1-29,Promoter(<1kb)
7,gene1,TCAGCACATCCGGAGTGCAA,TGG,62-85,-,0,1,Chr1,16896043,16896062,ENSG00000207005,ENST00000384278,snRNA,RNU1-2,Promoter(<1kb)
7,gene1,TCAGCACATCCGGAGTGCAA,TGG,62-85,-,0,1,Chr1,16740579,16740598,ENSG00000207389,ENST00000384659,snRNA,RNU1-4,Promoter(<1kb)
7,gene1,TCAGCACATCCGGAGTGCAA,TGG,62-85,-,0,1,ChrKI270713.1,21924,21943,ENSG00000275405,ENST00000619109,snRNA,U1,Undocumented Promoter
7,gene1,TCAGCACATCCGGAGTGCAA,TGG,62-85,-,0,1,Chr14,34556289,34556308,ENSG00000206588,ENST00000383861,snRNA,RNU1-28P,Promoter(<1kb)
7,gene1,TCAGCACATCCGGAGTGCAA,TGG,62-85,-,0,1,Chr1,143729470,143729489,ENSG00000206737,ENST00000384010,snRNA,RNVU1-18,Promoter(<1kb)
7,gene1,TCAGCACATCCGGAGTGCAA,TGG,62-85,-,0,1,Chr1,16514185,16514204,ENSG00000206652,ENST00000383925,snRNA,RNU1-1,Promoter(<1kb)
7,gene1,TCAGCACATCCGGAGTGCAA,TGG,62-85,-,0,1,Chr1,16666848,16666867,ENSG00000207513,ENST00000384782,snRNA,RNU1-3,Promoter(<1kb)
8,gene1,GAAAACCACCTTCGTGATCA,TGG,23-46,-,1,1,Chr14,34546738,34546757,ENSG00000206596,ENST00000383869,snRNA,RNU1-27P,Promoter(<1kb)
8,gene1,GAAAACCACCTTCGTGATCA,TGG,23-46,-,1,1,Chr1,146376831,146376850,ENSG00000273768,ENST00000615842,snRNA,RNVU1-29,Promoter(<1kb)
8,gene1,GAAAACCACCTTCGTGATCA,TGG,23-46,-,1,1,Chr1,16896004,16896023,ENSG00000207005,ENST00000384278,snRNA,RNU1-2,Promoter(<1kb)
8,gene1,GAAAACCACCTTCGTGATCA,TGG,23-46,-,1,1,Chr1,16740540,16740559,ENSG00000207389,ENST00000384659,snRNA,RNU1-4,Promoter(<1kb)
8,gene1,GAAAACCACCTTCGTGATCA,TGG,23-46,-,1,1,ChrKI270713.1,21885,21904,ENSG00000275405,ENST00000619109,snRNA,U1,Undocumented Promoter
8,gene1,GAAAACCACCTTCGTGATCA,TGG,23-46,-,1,1,Chr14,34556250,34556269,ENSG00000206588,ENST00000383861,snRNA,RNU1-28P,Promoter(<1kb)
8,gene1,GAAAACCACCTTCGTGATCA,TGG,23-46,-,1,1,Chr1,143729431,143729450,ENSG00000206737,ENST00000384010,snRNA,RNVU1-18,Promoter(<1kb)
8,gene1,GAAAACCACCTTCGTGATCA,TGG,23-46,-,1,1,Chr1,16514146,16514165,ENSG00000206652,ENST00000383925,snRNA,RNU1-1,Promoter(<1kb)
8,gene1,GAAAACCACCTTCGTGATCA,TGG,23-46,-,1,1,Chr1,16666809,16666828,ENSG00000207513,ENST00000384782,snRNA,RNU1-3,Promoter(<1kb)
9,gene2,AATACTCTGTTCAACACTAC,AAG,17-40,+,1,1,Chr15,38139613,38139632,ENSG00000259380,ENST00000561320,lncRNA,LINC02895,gene body
10,gene2,CAAATATTCTAACAACCATT,CAG,64-87,+,1,1,Chr15,38139660,38139679,ENSG00000259380,ENST00000561320,lncRNA,LINC02895,gene body
11,gene2,AATGATCTTAGATCCACGCT,TGG,94-117,+,0,1,Chr15,38139690,38139709,ENSG00000259380,ENST00000561320,lncRNA,LINC02895,gene body
12,gene2,CGAAAACTGAAAACGAGAGA,AAG,119-142,+,1,1,Chr15,38139715,38139734,ENSG00000259380,ENST00000561320,lncRNA,LINC02895,gene body
13,gene2,TTCTTATCTTGATTTTCTCC,TGG,181-204,+,0,0,Chr15,38139777,38139796,ENSG00000259380,ENST00000561320,lncRNA,LINC02895,gene body
14,gene2,ATAAGATCCTGGAGCTTGGC,TGG,204-227,+,1,1,Chr15,38139800,38139819,ENSG00000259380,ENST00000561320,lncRNA,LINC02895,gene body
15,gene2,CCAAGATGGCTGAATAGGAA,CAG,229-252,+,0,1,Chr15,38139825,38139844,ENSG00000259380,ENST00000561320,lncRNA,LINC02895,gene body
16,gene2,CGGTCTACAGCTCCCAGCGT,GAG,255-278,+,1,1,Chr15,38139851,38139870,ENSG00000259380,ENST00000561320,lncRNA,LINC02895,gene body
17,gene2,TGATTTCTGCATTTCCATCT,GAG,294-317,+,1,1,Chr15,38139890,38139909,ENSG00000259380,ENST00000561320,lncRNA,LINC02895,gene body
18,gene2,ACGCAGCTCCTCACCAGCAA,CGG,319-342,+,0,0,Chr15,38139915,38139934,ENSG00000259380,ENST00000561320,lncRNA,LINC02895,gene body
19,gene2,GGATGGAGAATGACTTTGAC,GAG,351-374,+,0,1,Chr15,38139947,38139966,ENSG00000259380,ENST00000561320,lncRNA,LINC02895,gene body
20,gene2,TCAGACGATCAAACTACTCC,GAG,390-413,+,1,1,Chr15,38139986,38140005,ENSG00000259380,ENST00000561320,lncRNA,LINC02895,gene body
21,gene2,ACAGAAGGAAATTCAAACCA,AAG,415-438,+,1,0,Chr15,38140011,38140030,ENSG00000259380,ENST00000561320,lncRNA,LINC02895,gene body
22,gene2,TGAAAAGTTTGAAAAAAATT,TAG,448-471,+,0,0,Chr15,38140044,38140063,ENSG00000259380,ENST00000561320,lncRNA,LINC02895,gene body
23,gene2,TATAACTAGAATAACCAATA,CAG,478-501,+,0,0,Chr15,38140074,38140093,ENSG00000259380,ENST00000561320,lncRNA,LINC02895,gene body
24,gene2,GAAGTGCTTAAAGGAGCTGA,TGG,502-525,+,1,1,Chr15,38140098,38140117,ENSG00000259380,ENST00000561320,lncRNA,LINC02895,gene body
25,gene2,CAAGGCTCGAGAACTACGTG,AAG,535-558,+,1,1,Chr15,38140131,38140150,ENSG00000259380,ENST00000561320,lncRNA,LINC02895,gene body
26,gene2,CAGGAGCCAATGCGATCAAC,TGG,571-594,+,0,1,Chr15,38140167,38140186,ENSG00000259380,ENST00000561320,lncRNA,LINC02895,gene body
27,gene2,AGAAAGGGTATCAGTGATGG,AAG,595-618,+,1,1,Chr15,38140191,38140210,ENSG00000259380,ENST00000561320,lncRNA,LINC02895,gene body
28,gene2,TGAAATGAATGAAATGAAGT,GAG,619-642,+,1,1,Chr15,38140215,38140234,ENSG00000259380,ENST00000561320,lncRNA,LINC02895,gene body
29,gene2,TTTAGAGAAAAAAGAATAAA,AAG,650-673,+,0,0,Chr15,38140246,38140265,ENSG00000259380,ENST00000561320,lncRNA,LINC02895,gene body
30,gene2,AACAAAGTCTCCAAGAAATA,TGG,678-701,+,1,1,Chr15,38140274,38140293,ENSG00000259380,ENST00000561320,lncRNA,LINC02895,gene body
31,gene2,AGACCAAATCTACGTCTGAT,TGG,713-736,+,1,1,Chr15,38140309,38140328,ENSG00000259380,ENST00000561320,lncRNA,LINC02895,gene body
32,gene2,CCTGAAAGTGACAGGGAGAA,TGG,740-763,+,0,1,Chr15,38140336,38140355,ENSG00000259380,ENST00000561320,lncRNA,LINC02895,gene body
33,gene2,CCAAGTTGGAAAACACTCTG,CAG,765-788,+,1,1,Chr15,38140361,38140380,ENSG00000259380,ENST00000561320,lncRNA,LINC02895,gene body
34,gene2,CCAGGAGAACTTCCCCAATC,TAG,796-819,+,1,1,Chr15,38140392,38140411,ENSG00000259380,ENST00000561320,lncRNA,LINC02895,gene body
35,gene2,GGCAGGCCAACATTCAGATT,CAG,822-845,+,1,1,Chr15,38140418,38140437,ENSG00000259380,ENST00000561320,lncRNA,LINC02895,gene body
36,gene2,GAAATATAGAGAACGCCACA,AAG,845-868,+,1,1,Chr15,38140441,38140460,ENSG00000259380,ENST00000561320,lncRNA,LINC02895,gene body
37,gene2,TCCTCGAGAAGAGCAACTCC,AAG,872-895,+,0,1,Chr15,38140468,38140487,ENSG00000259380,ENST00000561320,lncRNA,LINC02895,gene body
38,gene2,CATAATTGTCAGATTCACCA,AAG,898-921,+,1,1,Chr15,38140494,38140513,ENSG00000259380,ENST00000561320,lncRNA,LINC02895,gene body
39,gene2,GAAATGAAGGAAAAAATGTT,AAG,923-946,+,1,1,Chr15,38140519,38140538,ENSG00000259380,ENST00000561320,lncRNA,LINC02895,gene body
40,gene2,GGCAGCCAGAGAGAAAGGTC,AGG,946-969,+,0,1,Chr15,38140542,38140561,ENSG00000259380,ENST00000561320,lncRNA,LINC02895,gene body
41,gene2,ACCCACAAAGGGAAGCCCGT,CAG,971-994,+,0,1,Chr15,38140567,38140586,ENSG00000259380,ENST00000561320,lncRNA,LINC02895,gene body
42,gene2,ACTAACAGTGGATCTCTCGG,CAG,994-1017,+,1,0,Chr15,38140590,38140609,ENSG00000259380,ENST00000561320,lncRNA,LINC02895,gene body
43,gene2,AAACTCTACAAGCCAGAAGA,GAG,1017-1040,+,1,1,Chr15,38140613,38140632,ENSG00000259380,ENST00000561320,lncRNA,LINC02895,gene body
44,gene2,GGGCGCCAATATTCAACTTA,AAG,1041-1064,+,1,1,Chr15,38140637,38140656,ENSG00000259380,ENST00000561320,lncRNA,LINC02895,gene body
45,gene2,TCAACCCAGAATTTCATATC,CAG,1074-1097,+,1,0,Chr15,38140670,38140689,ENSG00000259380,ENST00000561320,lncRNA,LINC02895,gene body
46,gene2,CAAACTAAGCTTCATAAGTG,AAG,1098-1121,+,1,1,Chr15,38140694,38140713,ENSG00000259380,ENST00000561320,lncRNA,LINC02895,gene body
47,gene2,AAATAAAATACTTTACAGAC,AAG,1124-1147,+,0,0,Chr15,38140720,38140739,ENSG00000259380,ENST00000561320,lncRNA,LINC02895,gene body
48,gene2,CTGAGAGATTTTGTCACCAC,CAG,1153-1176,+,0,0,Chr15,38140749,38140768,ENSG00000259380,ENST00000561320,lncRNA,LINC02895,gene body
49,gene2,CTGCCCTAAAAGAGCTCCTG,AAG,1178-1201,+,1,1,Chr15,38140774,38140793,ENSG00000259380,ENST00000561320,lncRNA,LINC02895,gene body
50,gene2,TAAACATGGAAAGGAACAAC,CGG,1208-1231,+,1,0,Chr15,38140804,38140823,ENSG00000259380,ENST00000561320,lncRNA,LINC02895,gene body
51,gene2,CAAAATCGTGCCAAATTGTA,AAG,1243-1266,+,1,1,Chr15,38140839,38140858,ENSG00000259380,ENST00000561320,lncRNA,LINC02895,gene body
52,gene2,GAGAAACTGCATCAACTAAC,AAG,1281-1304,+,1,1,Chr15,38140877,38140896,ENSG00000259380,ENST00000561320,lncRNA,LINC02895,gene body
53,gene2,ACCAGCTAACATCATCATGA,CAG,1311-1334,+,1,1,Chr15,38140907,38140926,ENSG00000259380,ENST00000561320,lncRNA,LINC02895,gene body
54,gene2,ATATTAACTTTAAATGTAAA,TGG,1354-1377,+,0,0,Chr15,38140950,38140969,ENSG00000259380,ENST00000561320,lncRNA,LINC02895,gene body
55,gene2,AATGCTCCAATTAAAAGACA,CAG,1381-1404,+,1,1,Chr15,38140977,38140996,ENSG00000259380,ENST00000561320,lncRNA,LINC02895,gene body
56,gene2,GGCAAATTGGATAAAGAGTC,AAG,1407-1430,+,1,1,Chr15,38141003,38141022,ENSG00000259380,ENST00000561320,lncRNA,LINC02895,gene body
57,gene2,ACCCATCAGTGTGCTGTATT,CAG,1430-1453,+,1,1,Chr15,38141026,38141045,ENSG00000259380,ENST00000561320,lncRNA,LINC02895,gene body
58,gene2,CTCACGTGCAGAGACAAATA,TAG,1462-1485,+,1,1,Chr15,38141058,38141077,ENSG00000259380,ENST00000561320,lncRNA,LINC02895,gene body
59,gene2,TCAAAATAAAAGGATGGAGG,AAG,1487-1510,+,1,1,Chr15,38141083,38141102,ENSG00000259380,ENST00000561320,lncRNA,LINC02895,gene body
60,gene2,CAAGCAAATGGAAAACAAAA,AAG,1516-1539,+,1,1,Chr15,38141112,38141131,ENSG00000259380,ENST00000561320,lncRNA,LINC02895,gene body
61,gene2,AATCCTAGTCTCTGATAAAA,CAG,1550-1573,+,1,1,Chr15,38141146,38141165,ENSG00000259380,ENST00000561320,lncRNA,LINC02895,gene body
62,gene2,TTTAAACCAATAAAGATCAA,AAG,1575-1598,+,0,0,Chr15,38141171,38141190,ENSG00000259380,ENST00000561320,lncRNA,LINC02895,gene body
63,gene2,CAAAGAAGGCCATTACATAA,TGG,1601-1624,+,1,1,Chr15,38141197,38141216,ENSG00000259380,ENST00000561320,lncRNA,LINC02895,gene body
64,gene2,AAAGGGATTAGTTCAACAAG,AAG,1625-1648,+,1,1,Chr15,38141221,38141240,ENSG00000259380,ENST00000561320,lncRNA,LINC02895,gene body
65,gene2,AAATATATATGCACCCAATA,CAG,1661-1684,+,1,1,Chr15,38141257,38141276,ENSG00000259380,ENST00000561320,lncRNA,LINC02895,gene body
66,gene2,AGCACCCAGATTCATAAAGC,AAG,1685-1708,+,1,1,Chr15,38141281,38141300,ENSG00000259380,ENST00000561320,lncRNA,LINC02895,gene body
67,gene2,GAGTGACCTACAAAGAGACT,TAG,1712-1735,+,1,1,Chr15,38141308,38141327,ENSG00000259380,ENST00000561320,lncRNA,LINC02895,gene body
68,gene2,CTCCCACACAATAATAATGG,GAG,1736-1759,+,1,1,Chr15,38141332,38141351,ENSG00000259380,ENST00000561320,lncRNA,LINC02895,gene body
69,gene2,TAACACCCCACTGTCAATAT,TAG,1763-1786,+,1,1,Chr15,38141359,38141378,ENSG00000259380,ENST00000561320,lncRNA,LINC02895,gene body
70,gene2,CAATGAGACAGAAAGTTAAC,AAG,1792-1815,+,1,1,Chr15,38141388,38141407,ENSG00000259380,ENST00000561320,lncRNA,LINC02895,gene body
71,gene2,ATTGAACTCAGCTCTGCACC,AAG,1826-1849,+,1,1,Chr15,38141422,38141441,ENSG00000259380,ENST00000561320,lncRNA,LINC02895,gene body
72,gene2,AACTCTCCACCCCAAATCAA,CAG,1871-1894,+,1,1,Chr15,38141467,38141486,ENSG00000259380,ENST00000561320,lncRNA,LINC02895,gene body
73,gene2,CTATTCCAAAATTGACCACA,CAG,1925-1948,+,1,1,Chr15,38141521,38141540,ENSG00000259380,ENST00000561320,lncRNA,LINC02895,gene body
74,gene2,GCTCTCCTCAGCAAATGTAA,AAG,1959-1982,+,0,1,Chr15,38141555,38141574,ENSG00000259380,ENST00000561320,lncRNA,LINC02895,gene body
75,gene2,AATTATAACAAACTGTCTCT,CAG,1988-2011,+,1,1,Chr15,38141584,38141603,ENSG00000259380,ENST00000561320,lncRNA,LINC02895,gene body
76,gene2,AGTGCAATCAAACTAGAACT,CAG,2016-2039,+,1,0,Chr15,38141612,38141631,ENSG00000259380,ENST00000561320,lncRNA,LINC02895,gene body
77,gene2,CTCAAAACTGCTCAACTACA,TGG,2053-2076,+,1,1,Chr15,38141649,38141668,ENSG00000259380,ENST00000561320,lncRNA,LINC02895,gene body
78,gene2,ACTTACTCCTGAATGACTAC,TGG,2086-2109,+,1,1,Chr15,38141682,38141701,ENSG00000259380,ENST00000561320,lncRNA,LINC02895,gene body
79,gene2,ACAAAATGAAGGCAGAAATA,AAG,2116-2139,+,1,1,Chr15,38141712,38141731,ENSG00000259380,ENST00000561320,lncRNA,LINC02895,gene body
80,gene2,CTTTGAAACCAATGAGAACA,AAG,2144-2167,+,1,1,Chr15,38141740,38141759,ENSG00000259380,ENST00000561320,lncRNA,LINC02895,gene body
81,gene2,ACACAACATACCAGAATCTC,TGG,2167-2190,+,1,1,Chr15,38141763,38141782,ENSG00000259380,ENST00000561320,lncRNA,LINC02895,gene body
82,gene2,GACAGATTCAAAGCAGTGTG,TAG,2190-2213,+,1,1,Chr15,38141786,38141805,ENSG00000259380,ENST00000561320,lncRNA,LINC02895,gene body
83,gene2,TATAGCACTAAATGCCCCAC,AAG,2222-2245,+,1,1,Chr15,38141818,38141837,ENSG00000259380,ENST00000561320,lncRNA,LINC02895,gene body
84,gene2,CACCCTAACATCACAATTAA,AAG,2271-2294,+,1,1,Chr15,38141867,38141886,ENSG00000259380,ENST00000561320,lncRNA,LINC02895,gene body
85,gene2,GCAAGAGCAAACAAATTCAA,AAG,2304-2327,+,1,1,Chr15,38141900,38141919,ENSG00000259380,ENST00000561320,lncRNA,LINC02895,gene body
86,gene2,GCAGAAGGCAAGAAATAACT,AAG,2330-2353,+,1,0,Chr15,38141926,38141945,ENSG00000259380,ENST00000561320,lncRNA,LINC02895,gene body
87,gene2,TAGAGCAGAACTGAAGGAAA,TAG,2355-2378,+,1,1,Chr15,38141951,38141970,ENSG00000259380,ENST00000561320,lncRNA,LINC02895,gene body
88,gene2,CTTCAAAAAATTAATGAATC,CAG,2392-2415,+,0,0,Chr15,38141988,38142007,ENSG00000259380,ENST00000561320,lncRNA,LINC02895,gene body
89,gene2,GAAAGGATCAACAAAATTGA,TAG,2428-2451,+,1,1,Chr15,38142024,38142043,ENSG00000259380,ENST00000561320,lncRNA,LINC02895,gene body
90,gene2,TGTTGATCCTTTCAAAAAAC,CAG,2418-2441,-,0,1,Chr15,38142014,38142033,ENSG00000259380,ENST00000561320,lncRNA,LINC02895,gene body
91,gene2,CTGGATTCATTAATTTTTTG,AAG,2392-2415,-,0,0,Chr15,38141988,38142007,ENSG00000259380,ENST00000561320,lncRNA,LINC02895,gene body
92,gene2,TTTTATGTCTCTATTTCCTT,CAG,2365-2388,-,0,0,Chr15,38141961,38141980,ENSG00000259380,ENST00000561320,lncRNA,LINC02895,gene body
93,gene2,AGTTATTTCTTGCCTTCTGC,TAG,2327-2350,-,1,1,Chr15,38141923,38141942,ENSG00000259380,ENST00000561320,lncRNA,LINC02895,gene body
94,gene2,TTTGTTTGCTCTTGCTTCTC,TAG,2296-2319,-,1,1,Chr15,38141892,38141911,ENSG00000259380,ENST00000561320,lncRNA,LINC02895,gene body
95,gene2,TTCTTTTAATTGTGATGTTA,GGG,2273-2296,-,0,0,Chr15,38141869,38141888,ENSG00000259380,ENST00000561320,lncRNA,LINC02895,gene body
96,gene2,ATCTTTCCTGCTTTCTCTTG,TGG,2238-2261,-,1,1,Chr15,38141834,38141853,ENSG00000259380,ENST00000561320,lncRNA,LINC02895,gene body
97,gene2,ACACTGCTTTGAATCTGTCC,CAG,2186-2209,-,0,1,Chr15,38141782,38141801,ENSG00000259380,ENST00000561320,lncRNA,LINC02895,gene body
98,gene2,TGTTGTGTCTTTGTTCTCAT,TGG,2152-2175,-,1,1,Chr15,38141748,38141767,ENSG00000259380,ENST00000561320,lncRNA,LINC02895,gene body
99,gene2,CCTTCATTTTGTTATGTACC,CAG,2105-2128,-,0,0,Chr15,38141701,38141720,ENSG00000259380,ENST00000561320,lncRNA,LINC02895,gene body
100,gene2,TCATTCAGGAGTAAGTTGTT,CAG,2079-2102,-,1,1,Chr15,38141675,38141694,ENSG00000259380,ENST00000561320,lncRNA,LINC02895,gene body
101,gene2,CCATGTAGTTGAGCAGTTTT,GAG,2053-2076,-,0,0,Chr15,38141649,38141668,ENSG00000259380,ENST00000561320,lncRNA,LINC02895,gene body
102,gene2,AGTTTCTTAATCCTGAGTTC,TAG,2028-2051,-,1,1,Chr15,38141624,38141643,ENSG00000259380,ENST00000561320,lncRNA,LINC02895,gene body
103,gene2,TTGATTGCACTGTGGTCTGA,GAG,2004-2027,-,1,1,Chr15,38141600,38141619,ENSG00000259380,ENST00000561320,lncRNA,LINC02895,gene body
104,gene2,TCTGATCTTTTACATTTGCT,GAG,1965-1988,-,0,0,Chr15,38141561,38141580,ENSG00000259380,ENST00000561320,lncRNA,LINC02895,gene body
105,gene2,GAGCTTTACTTCCAACTGTG,TGG,1940-1963,-,1,1,Chr15,38141536,38141555,ENSG00000259380,ENST00000561320,lncRNA,LINC02895,gene body
106,gene2,ATTTTGGAATAGGTGTGGTG,TGG,1914-1937,-,0,0,Chr15,38141510,38141529,ENSG00000259380,ENST00000561320,lncRNA,LINC02895,gene body
107,gene2,AAATGTATATTCTGTTGATT,TGG,1882-1905,-,0,0,Chr15,38141478,38141497,ENSG00000259380,ENST00000561320,lncRNA,LINC02895,gene body
108,gene2,AGAGTTCTGTAGATGTCTAT,TAG,1854-1877,-,1,1,Chr15,38141450,38141469,ENSG00000259380,ENST00000561320,lncRNA,LINC02895,gene body
109,gene2,GCAGAGCTGAGTTCAATTCC,TGG,1820-1843,-,1,0,Chr15,38141416,38141435,ENSG00000259380,ENST00000561320,lncRNA,LINC02895,gene body
110,gene2,TAACTTTCTGTCTCATTGAT,CGG,1787-1810,-,1,1,Chr15,38141383,38141402,ENSG00000259380,ENST00000561320,lncRNA,LINC02895,gene body
111,gene2,ATATTGACAGTGGGGTGTTA,AAG,1760-1783,-,1,1,Chr15,38141356,38141375,ENSG00000259380,ENST00000561320,lncRNA,LINC02895,gene body
112,gene2,CTCCCATTATTATTGTGTGG,GAG,1736-1759,-,1,1,Chr15,38141332,38141351,ENSG00000259380,ENST00000561320,lncRNA,LINC02895,gene body
113,gene2,AAGTCTCTTTGTAGGTCACT,CAG,1710-1733,-,1,1,Chr15,38141306,38141325,ENSG00000259380,ENST00000561320,lncRNA,LINC02895,gene body
114,gene2,GAATCTGGGTGCTCCTGTAT,TGG,1675-1698,-,0,1,Chr15,38141271,38141290,ENSG00000259380,ENST00000561320,lncRNA,LINC02895,gene body
115,gene2,GCATATATATTTAGGATAGT,TAG,1650-1673,-,1,1,Chr15,38141246,38141265,ENSG00000259380,ENST00000561320,lncRNA,LINC02895,gene body
116,gene2,ATCCCTTTACCATTATGTAA,TGG,1610-1633,-,1,1,Chr15,38141206,38141225,ENSG00000259380,ENST00000561320,lncRNA,LINC02895,gene body
117,gene2,TTGTCTCTTTTGATCTTTAT,TGG,1581-1604,-,0,0,Chr15,38141177,38141196,ENSG00000259380,ENST00000561320,lncRNA,LINC02895,gene body
118,gene2,AAGTCTGTTTTATCAGAGAC,TAG,1554-1577,-,0,0,Chr15,38141150,38141169,ENSG00000259380,ENST00000561320,lncRNA,LINC02895,gene body
119,gene2,TTTTTTGTTTTCCATTTGCT,TGG,1515-1538,-,0,0,Chr15,38141111,38141130,ENSG00000259380,ENST00000561320,lncRNA,LINC02895,gene body
120,gene2,TTCCTCCATCCTTTTATTTT,GAG,1486-1509,-,0,0,Chr15,38141082,38141101,ENSG00000259380,ENST00000561320,lncRNA,LINC02895,gene body
121,gene2,CTATATTTGTCTCTGCACGT,GAG,1462-1485,-,1,1,Chr15,38141058,38141077,ENSG00000259380,ENST00000561320,lncRNA,LINC02895,gene body
122,gene2,TCCTGAATACAGCACACTGA,TGG,1432-1455,-,0,1,Chr15,38141028,38141047,ENSG00000259380,ENST00000561320,lncRNA,LINC02895,gene body
123,gene2,TGACTCTTTATCCAATTTGC,CAG,1405-1428,-,1,1,Chr15,38141001,38141020,ENSG00000259380,ENST00000561320,lncRNA,LINC02895,gene body
124,gene2,TGTCTTTTAATTGGAGCATT,TAG,1378-1401,-,0,0,Chr15,38140974,38140993,ENSG00000259380,ENST00000561320,lncRNA,LINC02895,gene body
125,gene2,TGATCCTGTCATGATGATGT,TAG,1316-1339,-,1,1,Chr15,38140912,38140931,ENSG00000259380,ENST00000561320,lncRNA,LINC02895,gene body
126,gene2,ATTTTGCTTGTTAGTTGATG,CAG,1287-1310,-,0,0,Chr15,38140883,38140902,ENSG00000259380,ENST00000561320,lncRNA,LINC02895,gene body
127,gene2,CCTCGATGGTCTTTACAATT,TGG,1253-1276,-,1,1,Chr15,38140849,38140868,ENSG00000259380,ENST00000561320,lncRNA,LINC02895,gene body
128,gene2,GATTTTGCAGCGGCTGGTAC,CGG,1227-1250,-,0,0,Chr15,38140823,38140842,ENSG00000259380,ENST00000561320,lncRNA,LINC02895,gene body
129,gene2,TCCATGTTTAGTGCTTCCTT,CAG,1195-1218,-,1,1,Chr15,38140791,38140810,ENSG00000259380,ENST00000561320,lncRNA,LINC02895,gene body
130,gene2,GAGCTCTTTTAGGGCAGGCC,TGG,1172-1195,-,0,0,Chr15,38140768,38140787,ENSG00000259380,ENST00000561320,lncRNA,LINC02895,gene body
131,gene2,TCAGCATTTGCTTGTCTGTA,AAG,1134-1157,-,1,1,Chr15,38140730,38140749,ENSG00000259380,ENST00000561320,lncRNA,LINC02895,gene body
132,gene2,TTATTTCTCCTTCACTTATG,AAG,1107-1130,-,1,1,Chr15,38140703,38140722,ENSG00000259380,ENST00000561320,lncRNA,LINC02895,gene body
133,gene2,TTTGGCTGGATATGAAATTC,TGG,1079-1102,-,1,0,Chr15,38140675,38140694,ENSG00000259380,ENST00000561320,lncRNA,LINC02895,gene body
134,gene2,CTTTTCTTTAAGTTGAATAT,TGG,1046-1069,-,0,0,Chr15,38140642,38140661,ENSG00000259380,ENST00000561320,lncRNA,LINC02895,gene body
135,gene2,GCCCACTCTCTTCTGGCTTG,TAG,1022-1045,-,1,1,Chr15,38140618,38140637,ENSG00000259380,ENST00000561320,lncRNA,LINC02895,gene body
136,gene2,TCTGCCGAGAGATCCACTGT,TAG,995-1018,-,0,1,Chr15,38140591,38140610,ENSG00000259380,ENST00000561320,lncRNA,LINC02895,gene body
137,gene2,TCTGACGGGCTTCCCTTTGT,GGG,972-995,-,1,1,Chr15,38140568,38140587,ENSG00000259380,ENST00000561320,lncRNA,LINC02895,gene body
138,gene2,TTTTTCCTTCATTTCAACTT,TGG,915-938,-,0,0,Chr15,38140511,38140530,ENSG00000259380,ENST00000561320,lncRNA,LINC02895,gene body
139,gene2,AATCTGACAATTATGTGTCT,TGG,890-913,-,1,1,Chr15,38140486,38140505,ENSG00000259380,ENST00000561320,lncRNA,LINC02895,gene body
140,gene2,CTTCTCGAGGAGCATCTTTG,TGG,860-883,-,0,1,Chr15,38140456,38140475,ENSG00000259380,ENST00000561320,lncRNA,LINC02895,gene body
141,gene2,TATTTCCTGAATCTGAATGT,TGG,828-851,-,1,1,Chr15,38140424,38140443,ENSG00000259380,ENST00000561320,lncRNA,LINC02895,gene body
142,gene2,CCTGCCTTGCTAGATTGGGG,AAG,805-828,-,1,1,Chr15,38140401,38140420,ENSG00000259380,ENST00000561320,lncRNA,LINC02895,gene body
143,gene2,TTCTCCTGGATAATATCCTG,CAG,782-805,-,1,1,Chr15,38140378,38140397,ENSG00000259380,ENST00000561320,lncRNA,LINC02895,gene body
144,gene2,TCCATTCTCCCTGTCACTTT,CAG,741-764,-,1,1,Chr15,38140337,38140356,ENSG00000259380,ENST00000561320,lncRNA,LINC02895,gene body
145,gene2,ACACCAATCAGACGTAGATT,TGG,716-739,-,1,1,Chr15,38140312,38140331,ENSG00000259380,ENST00000561320,lncRNA,LINC02895,gene body
146,gene2,TCACATAGTCCCATATTTCT,TGG,688-711,-,1,1,Chr15,38140284,38140303,ENSG00000259380,ENST00000561320,lncRNA,LINC02895,gene body
147,gene2,ATCACTGATACCCTTTCTTC,CAG,590-613,-,0,1,Chr15,38140186,38140205,ENSG00000259380,ENST00000561320,lncRNA,LINC02895,gene body
148,gene2,AGGCTTCTGTATTCTTCACG,TAG,548-571,-,1,1,Chr15,38140144,38140163,ENSG00000259380,ENST00000561320,lncRNA,LINC02895,gene body
149,gene2,GCCTTGGCTTTCAGCTCCAT,CAG,518-541,-,1,1,Chr15,38140114,38140133,ENSG00000259380,ENST00000561320,lncRNA,LINC02895,gene body
150,gene2,CTTTAAGCACTTCTCTGTAT,TGG,492-515,-,1,1,Chr15,38140088,38140107,ENSG00000259380,ENST00000561320,lncRNA,LINC02895,gene body
151,gene2,CTTTTCAACTTCTTTGCCTT,TGG,432-455,-,0,0,Chr15,38140028,38140047,ENSG00000259380,ENST00000561320,lncRNA,LINC02895,gene body
152,gene2,TTGAATTTCCTTCTGTAGCT,CGG,408-431,-,1,1,Chr15,38140004,38140023,ENSG00000259380,ENST00000561320,lncRNA,LINC02895,gene body
153,gene2,CTTCTTCTCTCAACTCGTCA,AAG,364-387,-,0,1,Chr15,38139960,38139979,ENSG00000259380,ENST00000561320,lncRNA,LINC02895,gene body
154,gene2,ATCCAGCTTTGTTCCGTTGC,TGG,332-355,-,1,1,Chr15,38139928,38139947,ENSG00000259380,ENST00000561320,lncRNA,LINC02895,gene body
155,gene2,GAGGAGCTGCGTTCCTCAGA,TGG,308-331,-,1,1,Chr15,38139904,38139923,ENSG00000259380,ENST00000561320,lncRNA,LINC02895,gene body
156,gene2,GTCTTCTACGTCGCTCACGC,TGG,268-291,-,1,0,Chr15,38139864,38139883,ENSG00000259380,ENST00000561320,lncRNA,LINC02895,gene body
157,gene2,AGACCGGAGCTGTTCCTATT,CAG,238-261,-,0,1,Chr15,38139834,38139853,ENSG00000259380,ENST00000561320,lncRNA,LINC02895,gene body
158,gene2,TCTTGGCTCCAGCCAAGCTC,CAG,212-235,-,1,1,Chr15,38139808,38139827,ENSG00000259380,ENST00000561320,lncRNA,LINC02895,gene body
159,gene2,ATCTTATCCAGGAGAAAATC,AAG,188-211,-,0,1,Chr15,38139784,38139803,ENSG00000259380,ENST00000561320,lncRNA,LINC02895,gene body
160,gene2,TAAGAAATATTTCACAGTAT,CAG,164-187,-,0,0,Chr15,38139760,38139779,ENSG00000259380,ENST00000561320,lncRNA,LINC02895,gene body
161,gene2,CGTTTCCTTTCTCTCGTTTT,CAG,125-148,-,0,0,Chr15,38139721,38139740,ENSG00000259380,ENST00000561320,lncRNA,LINC02895,gene body
162,gene2,TTCGCACCAAGCGTGGATCT,AAG,100-123,-,1,1,Chr15,38139696,38139715,ENSG00000259380,ENST00000561320,lncRNA,LINC02895,gene body
163,gene2,TGGAAATGCTGAATGGTTGT,TAG,72-95,-,1,1,Chr15,38139668,38139687,ENSG00000259380,ENST00000561320,lncRNA,LINC02895,gene body
164,gene2,TTTGGAGCTTTCTCTTGATG,CAG,45-68,-,0,1,Chr15,38139641,38139660,ENSG00000259380,ENST00000561320,lncRNA,LINC02895,gene body
165,gene2,ATTACTTGTAGTGTTGAACA,GAG,21-44,-,1,1,Chr15,38139617,38139636,ENSG00000259380,ENST00000561320,lncRNA,LINC02895,gene body
166,gene3,GCGATTTAAAAAAATTGTTC,TGG,25-48,+,0,1,Chr15,38139637,38139656,ENSG00000259380,ENST00000561161,lncRNA,LINC02895,gene body
167,gene3,AATACTCTGTTCAACACTAC,AAG,49-72,+,1,1,Chr15,38139661,38139680,ENSG00000259380,ENST00000561161,lncRNA,LINC02895,gene body
168,gene3,CAAATATTCTAACAACCATT,CAG,96-119,+,1,1,Chr15,38139708,38139727,ENSG00000259380,ENST00000561161,lncRNA,LINC02895,gene body
169,gene3,AATGATCTTAGATCCACGCT,TGG,126-149,+,0,1,Chr15,38139738,38139757,ENSG00000259380,ENST00000561161,lncRNA,LINC02895,gene body
170,gene3,CGAAAACTGAAAACGAGAGA,AAG,151-174,+,1,1,Chr15,38139763,38139782,ENSG00000259380,ENST00000561161,lncRNA,LINC02895,gene body
171,gene3,TTCTTATCTTGATTTTCTCC,TGG,213-236,+,0,0,Chr15,38139825,38139844,ENSG00000259380,ENST00000561161,lncRNA,LINC02895,gene body
172,gene3,ATAAGATCCTGGAGCTTGGC,TGG,236-259,+,1,1,Chr15,38139848,38139867,ENSG00000259380,ENST00000561161,lncRNA,LINC02895,gene body
173,gene3,CCAAGATGGCTGAATAGGAA,CAG,261-284,+,0,1,Chr15,38139873,38139892,ENSG00000259380,ENST00000561161,lncRNA,LINC02895,gene body
174,gene3,CGGTCTACAGCTCCCAGCGT,GAG,287-310,+,1,1,Chr15,38139899,38139918,ENSG00000259380,ENST00000561161,lncRNA,LINC02895,gene body
175,gene3,TGATTTCTGCATTTCCATCT,GAG,326-349,+,1,1,Chr15,38139938,38139957,ENSG00000259380,ENST00000561161,lncRNA,LINC02895,gene body
176,gene3,GTACTGGGTTCATCTCACTA,GGG,349-372,+,0,1,Chr15,38139961,38139980,ENSG00000259380,ENST00000561161,lncRNA,LINC02895,gene body
177,gene3,GCCAGACAGTGGGCGCAGGA,CAG,375-398,+,0,1,Chr15,38139987,38140006,ENSG00000259380,ENST00000561161,lncRNA,LINC02895,gene body
178,gene3,GGGTGCAGTGCACCGTGCGC,AAG,399-422,+,1,1,Chr15,38140011,38140030,ENSG00000259380,ENST00000561161,lncRNA,LINC02895,gene body
179,gene3,GGGCGAGGCATTGCCTCACT,CGG,430-453,+,1,1,Chr15,38140042,38140061,ENSG00000259380,ENST00000561161,lncRNA,LINC02895,gene body
180,gene3,GGTCAGGGAGTTCCCTTTCC,TAG,464-487,+,0,1,Chr15,38140076,38140095,ENSG00000259380,ENST00000561161,lncRNA,LINC02895,gene body
181,gene3,TCAAAGAAACGGGGGACAGA,CGG,487-510,+,1,1,Chr15,38140099,38140118,ENSG00000259380,ENST00000561161,lncRNA,LINC02895,gene body
182,gene3,CCAATACTGCGCTTTTCCGA,TGG,537-560,+,0,0,Chr15,38140149,38140168,ENSG00000259380,ENST00000561161,lncRNA,LINC02895,gene body
183,gene3,CTTAAAAAACGGCGTACCAG,GAG,561-584,+,1,1,Chr15,38140173,38140192,ENSG00000259380,ENST00000561161,lncRNA,LINC02895,gene body
184,gene3,ATTATATCCTGCACCTGGAT,CGG,584-607,+,0,1,Chr15,38140196,38140215,ENSG00000259380,ENST00000561161,lncRNA,LINC02895,gene body
185,gene3,GACCATGGAGTCTCACTGAT,TGG,617-640,+,1,1,Chr15,38140229,38140248,ENSG00000259380,ENST00000561161,lncRNA,LINC02895,gene body
186,gene3,GCAGTCTGAGATCAAACTGC,AAG,647-670,+,1,1,Chr15,38140259,38140278,ENSG00000259380,ENST00000561161,lncRNA,LINC02895,gene body
187,gene3,GCTGCAGCGAGGCTGGGGGA,GGG,670-693,+,1,1,Chr15,38140282,38140301,ENSG00000259380,ENST00000561161,lncRNA,LINC02895,gene body
188,gene3,CGCCATTGCCTAGGCTTGCT,TAG,698-721,+,1,1,Chr15,38140310,38140329,ENSG00000259380,ENST00000561161,lncRNA,LINC02895,gene body
189,gene3,GCAGCGGGGGAAGCTCCAAC,TGG,730-753,+,0,1,Chr15,38140342,38140361,ENSG00000259380,ENST00000561161,lncRNA,LINC02895,gene body
190,gene3,GTGGAGCCCACCACAGCTCA,AGG,753-776,+,0,1,Chr15,38140365,38140384,ENSG00000259380,ENST00000561161,lncRNA,LINC02895,gene body
191,gene3,GCCTCTGTAGGCTCCACCTC,TGG,786-809,+,0,1,Chr15,38140398,38140417,ENSG00000259380,ENST00000561161,lncRNA,LINC02895,gene body
192,gene3,GCAGGGCATAGACAAAAAGA,CAG,811-834,+,0,1,Chr15,38140423,38140442,ENSG00000259380,ENST00000561161,lncRNA,LINC02895,gene body
193,gene3,ACTTAAATGTCCCTGTCTGA,CAG,849-872,+,1,1,Chr15,38140461,38140480,ENSG00000259380,ENST00000561161,lncRNA,LINC02895,gene body
194,gene3,TGAGAGAGCAGTGGTTCTCC,CAG,875-898,+,0,1,Chr15,38140487,38140506,ENSG00000259380,ENST00000561161,lncRNA,LINC02895,gene body
195,gene3,CGCAGCTGGAGATCTGAGAA,CAG,900-923,+,1,1,Chr15,38140512,38140531,ENSG00000259380,ENST00000561161,lncRNA,LINC02895,gene body
196,gene3,GTCCCTGACTCCTGACCCCT,GAG,944-967,+,1,1,Chr15,38140556,38140575,ENSG00000259380,ENST00000561161,lncRNA,LINC02895,gene body
197,gene3,CCTAACTGGGAGGCACCCCC,CAG,970-993,+,1,1,Chr15,38140582,38140601,ENSG00000259380,ENST00000561161,lncRNA,LINC02895,gene body
198,gene3,GGGCAGACTGACACCTCACA,TGG,996-1019,+,1,1,Chr15,38140608,38140627,ENSG00000259380,ENST00000561161,lncRNA,LINC02895,gene body
199,gene3,CTCCTCTGAGACAAAACTTC,CAG,1026-1049,+,0,1,Chr15,38140638,38140657,ENSG00000259380,ENST00000561161,lncRNA,LINC02895,gene body
200,gene3,CAATCAGACAGCAGCATTTG,CAG,1054-1077,+,1,1,Chr15,38140666,38140685,ENSG00000259380,ENST00000561161,lncRNA,LINC02895,gene body
201,gene3,CACGAAAATCTGCTGTTTTG,CAG,1079-1102,+,0,0,Chr15,38140691,38140710,ENSG00000259380,ENST00000561161,lncRNA,LINC02895,gene body
202,gene3,GCTGCTGGTACCCAGGCAAA,CAG,1107-1130,+,0,1,Chr15,38140719,38140738,ENSG00000259380,ENST00000561161,lncRNA,LINC02895,gene body
203,gene3,GGACCTCTAGCAAACTCCAA,CAG,1140-1163,+,1,1,Chr15,38140752,38140771,ENSG00000259380,ENST00000561161,lncRNA,LINC02895,gene body
204,gene3,CAGCTGAGGGTCCCATCTGT,TAG,1168-1191,+,1,1,Chr15,38140780,38140799,ENSG00000259380,ENST00000561161,lncRNA,LINC02895,gene body
205,gene3,AAGGAAAACTAACAAACAGA,AAG,1191-1214,+,1,1,Chr15,38140803,38140822,ENSG00000259380,ENST00000561161,lncRNA,LINC02895,gene body
206,gene3,TCTGTACATCACCATCATCA,AAG,1235-1258,+,1,1,Chr15,38140847,38140866,ENSG00000259380,ENST00000561161,lncRNA,LINC02895,gene body
207,gene3,CAAAAGTAGATAAAACCACA,AAG,1260-1283,+,1,1,Chr15,38140872,38140891,ENSG00000259380,ENST00000561161,lncRNA,LINC02895,gene body
208,gene3,AAAAAACAGAGCAGAAAAAC,TGG,1289-1312,+,1,1,Chr15,38140901,38140920,ENSG00000259380,ENST00000561161,lncRNA,LINC02895,gene body
209,gene3,AGAGCGCCTCTCCTCCTCCA,AAG,1326-1349,+,1,1,Chr15,38140938,38140957,ENSG00000259380,ENST00000561161,lncRNA,LINC02895,gene body
210,gene3,ACGCAGCTCCTCACCAGCAA,CGG,1351-1374,+,0,0,Chr15,38140963,38140982,ENSG00000259380,ENST00000561161,lncRNA,LINC02895,gene body
211,gene3,GGATGGAGAATGACTTTGAC,GAG,1383-1406,+,0,1,Chr15,38140995,38141014,ENSG00000259380,ENST00000561161,lncRNA,LINC02895,gene body
212,gene3,TCAGACGATCAAACTACTCC,GAG,1422-1445,+,1,1,Chr15,38141034,38141053,ENSG00000259380,ENST00000561161,lncRNA,LINC02895,gene body
213,gene3,ACAGAAGGAAATTCAAACCA,AAG,1447-1470,+,1,0,Chr15,38141059,38141078,ENSG00000259380,ENST00000561161,lncRNA,LINC02895,gene body
214,gene3,TGAAAAGTTTGAAAAAAATT,TAG,1480-1503,+,0,0,Chr15,38141092,38141111,ENSG00000259380,ENST00000561161,lncRNA,LINC02895,gene body
215,gene3,TATAACTAGAATAACCAATA,CAG,1510-1533,+,0,0,Chr15,38141122,38141141,ENSG00000259380,ENST00000561161,lncRNA,LINC02895,gene body
216,gene3,GAAGTGCTTAAAGGAGCTGA,TGG,1534-1557,+,1,1,Chr15,38141146,38141165,ENSG00000259380,ENST00000561161,lncRNA,LINC02895,gene body
217,gene3,CAAGGCTCGAGAACTACGTG,AAG,1567-1590,+,1,1,Chr15,38141179,38141198,ENSG00000259380,ENST00000561161,lncRNA,LINC02895,gene body
218,gene3,CAGGAGCCAATGCGATCAAC,TGG,1603-1626,+,0,1,Chr15,38141215,38141234,ENSG00000259380,ENST00000561161,lncRNA,LINC02895,gene body
219,gene3,AGAAAGGGTATCAGTGATGG,AAG,1627-1650,+,1,1,Chr15,38141239,38141258,ENSG00000259380,ENST00000561161,lncRNA,LINC02895,gene body
220,gene3,TGAAATGAATGAAATGAAGT,GAG,1651-1674,+,1,1,Chr15,38141263,38141282,ENSG00000259380,ENST00000561161,lncRNA,LINC02895,gene body
221,gene3,TTTAGAGAAAAAAGAATAAA,AAG,1682-1705,+,0,0,Chr15,38141294,38141313,ENSG00000259380,ENST00000561161,lncRNA,LINC02895,gene body
222,gene3,AACAAAGTCTCCAAGAAATA,TGG,1710-1733,+,1,1,Chr15,38141322,38141341,ENSG00000259380,ENST00000561161,lncRNA,LINC02895,gene body
223,gene3,AGACCAAATCTACGTCTGAT,TGG,1745-1768,+,1,1,Chr15,38141357,38141376,ENSG00000259380,ENST00000561161,lncRNA,LINC02895,gene body
224,gene3,CCTGAAAGTGACAGGGAGAA,TGG,1772-1795,+,0,1,Chr15,38141384,38141403,ENSG00000259380,ENST00000561161,lncRNA,LINC02895,gene body
225,gene3,CCAAGTTGGAAAACACTCTG,CAG,1797-1820,+,1,1,Chr15,38141409,38141428,ENSG00000259380,ENST00000561161,lncRNA,LINC02895,gene body
226,gene3,CCAGGAGAACTTCCCCAATC,TAG,1828-1851,+,1,1,Chr15,38141440,38141459,ENSG00000259380,ENST00000561161,lncRNA,LINC02895,gene body
227,gene3,GGCAGGCCAACATTCAGATT,CAG,1854-1877,+,1,1,Chr15,38141466,38141485,ENSG00000259380,ENST00000561161,lncRNA,LINC02895,gene body
228,gene3,GAAATATAGAGAACGCCACA,AAG,1877-1900,+,1,1,Chr15,38141489,38141508,ENSG00000259380,ENST00000561161,lncRNA,LINC02895,gene body
229,gene3,TCCTCGAGAAGAGCAACTCC,AAG,1904-1927,+,0,1,Chr15,38141516,38141535,ENSG00000259380,ENST00000561161,lncRNA,LINC02895,gene body
230,gene3,CATAATTGTCAGATTCACCA,AAG,1930-1953,+,1,1,Chr15,38141542,38141561,ENSG00000259380,ENST00000561161,lncRNA,LINC02895,gene body
231,gene3,GAAATGAAGGAAAAAATGTT,AAG,1955-1978,+,1,1,Chr15,38141567,38141586,ENSG00000259380,ENST00000561161,lncRNA,LINC02895,gene body
232,gene3,GGCAGCCAGAGAGAAAGGTC,AGG,1978-2001,+,0,1,Chr15,38141590,38141609,ENSG00000259380,ENST00000561161,lncRNA,LINC02895,gene body
233,gene3,ACCCACAAAGGGAAGCCCGT,CAG,2003-2026,+,0,1,Chr15,38141615,38141634,ENSG00000259380,ENST00000561161,lncRNA,LINC02895,gene body
234,gene3,ACTAACAGTGGATCTCTCGG,CAG,2026-2049,+,1,0,Chr15,38141638,38141657,ENSG00000259380,ENST00000561161,lncRNA,LINC02895,gene body
235,gene3,AAACTCTACAAGCCAGAAGA,GAG,2049-2072,+,1,1,Chr15,38141661,38141680,ENSG00000259380,ENST00000561161,lncRNA,LINC02895,gene body
236,gene3,GGGCGCCAATATTCAACTTA,AAG,2073-2096,+,1,1,Chr15,38141685,38141704,ENSG00000259380,ENST00000561161,lncRNA,LINC02895,gene body
237,gene3,TCAACCCAGAATTTCATATC,CAG,2106-2129,+,1,0,Chr15,38141718,38141737,ENSG00000259380,ENST00000561161,lncRNA,LINC02895,gene body
238,gene3,CAAACTAAGCTTCATAAGTG,AAG,2130-2153,+,1,1,Chr15,38141742,38141761,ENSG00000259380,ENST00000561161,lncRNA,LINC02895,gene body
239,gene3,AAATAAAATACTTTACAGAC,AAG,2156-2179,+,0,0,Chr15,38141768,38141787,ENSG00000259380,ENST00000561161,lncRNA,LINC02895,gene body
240,gene3,CTGAGAGATTTTGTCACCAC,CAG,2185-2208,+,0,0,Chr15,38141797,38141816,ENSG00000259380,ENST00000561161,lncRNA,LINC02895,gene body
241,gene3,CTGCCCTAAAAGAGCTCCTG,AAG,2210-2233,+,1,1,Chr15,38141822,38141841,ENSG00000259380,ENST00000561161,lncRNA,LINC02895,gene body
242,gene3,TAAACATGGAAAGGAACAAC,CGG,2240-2263,+,1,0,Chr15,38141852,38141871,ENSG00000259380,ENST00000561161,lncRNA,LINC02895,gene body
243,gene3,CAAAATCGTGCCAAATTGTA,AAG,2275-2298,+,1,1,Chr15,38141887,38141906,ENSG00000259380,ENST00000561161,lncRNA,LINC02895,gene body
244,gene3,GAGAAACTGCATCAACTAAC,AAG,2313-2336,+,1,1,Chr15,38141925,38141944,ENSG00000259380,ENST00000561161,lncRNA,LINC02895,gene body
245,gene3,ACCAGCTAACATCATCATGA,CAG,2343-2366,+,1,1,Chr15,38141955,38141974,ENSG00000259380,ENST00000561161,lncRNA,LINC02895,gene body
246,gene3,ATATTAACTTTAAATGTAAA,TGG,2386-2409,+,0,0,Chr15,38141998,38142017,ENSG00000259380,ENST00000561161,lncRNA,LINC02895,gene body
247,gene3,AATGCTCCAATTAAAAGACA,CAG,2413-2436,+,1,1,Chr15,38142025,38142044,ENSG00000259380,ENST00000561161,lncRNA,LINC02895,gene body
248,gene3,GGCAAATTGGATAAAGAGTC,AAG,2439-2462,+,1,1,Chr15,38142051,38142070,ENSG00000259380,ENST00000561161,lncRNA,LINC02895,gene body
249,gene3,ACCCATCAGTGTGCTGTATT,CAG,2462-2485,+,1,1,Chr15,38142074,38142093,ENSG00000259380,ENST00000561161,lncRNA,LINC02895,gene body
250,gene3,CTCACGTGCAGAGACAAATA,TAG,2494-2517,+,1,1,Chr15,38142106,38142125,ENSG00000259380,ENST00000561161,lncRNA,LINC02895,gene body
251,gene3,TCAAAATAAAAGGATGGAGG,AAG,2519-2542,+,1,1,Chr15,38142131,38142150,ENSG00000259380,ENST00000561161,lncRNA,LINC02895,gene body
252,gene3,CAAGCAAATGGAAAACAAAA,AAG,2548-2571,+,1,1,Chr15,38142160,38142179,ENSG00000259380,ENST00000561161,lncRNA,LINC02895,gene body
253,gene3,AATCCTAGTCTCTGATAAAA,CAG,2582-2605,+,1,1,Chr15,38142194,38142213,ENSG00000259380,ENST00000561161,lncRNA,LINC02895,gene body
254,gene3,TTTAAACCAATAAAGATCAA,AAG,2607-2630,+,0,0,Chr15,38142219,38142238,ENSG00000259380,ENST00000561161,lncRNA,LINC02895,gene body
255,gene3,CAAAGAAGGCCATTACATAA,TGG,2633-2656,+,1,1,Chr15,38142245,38142264,ENSG00000259380,ENST00000561161,lncRNA,LINC02895,gene body
256,gene3,AAAGGGATTAGTTCAACAAG,AAG,2657-2680,+,1,1,Chr15,38142269,38142288,ENSG00000259380,ENST00000561161,lncRNA,LINC02895,gene body
257,gene3,AAATATATATGCACCCAATA,CAG,2693-2716,+,1,1,Chr15,38142305,38142324,ENSG00000259380,ENST00000561161,lncRNA,LINC02895,gene body
258,gene3,AGCACCCAGATTCATAAAGC,AAG,2717-2740,+,1,1,Chr15,38142329,38142348,ENSG00000259380,ENST00000561161,lncRNA,LINC02895,gene body
259,gene3,GAGTGACCTACAAAGAGACT,TAG,2744-2767,+,1,1,Chr15,38142356,38142375,ENSG00000259380,ENST00000561161,lncRNA,LINC02895,gene body
260,gene3,CTCCCACACAATAATAATGG,GAG,2768-2791,+,1,1,Chr15,38142380,38142399,ENSG00000259380,ENST00000561161,lncRNA,LINC02895,gene body
261,gene3,TAACACCCCACTGTCAATAT,TAG,2795-2818,+,1,1,Chr15,38142407,38142426,ENSG00000259380,ENST00000561161,lncRNA,LINC02895,gene body
262,gene3,CAATGAGACAGAAAGTTAAC,AAG,2824-2847,+,1,1,Chr15,38142436,38142455,ENSG00000259380,ENST00000561161,lncRNA,LINC02895,gene body
263,gene3,ATTGAACTCAGCTCTGCACC,AAG,2858-2881,+,1,1,Chr15,38142470,38142489,ENSG00000259380,ENST00000561161,lncRNA,LINC02895,gene body
264,gene3,AACTCTCCACCCCAAATCAA,CAG,2903-2926,+,1,1,Chr15,38142515,38142534,ENSG00000259380,ENST00000561161,lncRNA,LINC02895,gene body
265,gene3,CTATTCCAAAATTGACCACA,CAG,2957-2980,+,1,1,Chr15,38142569,38142588,ENSG00000259380,ENST00000561161,lncRNA,LINC02895,gene body
266,gene3,GCTCTCCTCAGCAAATGTAA,AAG,2991-3014,+,0,1,Chr15,38142603,38142622,ENSG00000259380,ENST00000561161,lncRNA,LINC02895,gene body
267,gene3,AATTATAACAAACTGTCTCT,CAG,3020-3043,+,1,1,Chr15,38142632,38142651,ENSG00000259380,ENST00000561161,lncRNA,LINC02895,gene body
268,gene3,AGTGCAATCAAACTAGAACT,CAG,3048-3071,+,1,0,Chr15,38142660,38142679,ENSG00000259380,ENST00000561161,lncRNA,LINC02895,gene body
269,gene3,CTCAAAACTGCTCAACTACA,TGG,3085-3108,+,1,1,Chr15,38142697,38142716,ENSG00000259380,ENST00000561161,lncRNA,LINC02895,gene body
270,gene3,ACTTACTCCTGAATGACTAC,TGG,3118-3141,+,1,1,Chr15,38142730,38142749,ENSG00000259380,ENST00000561161,lncRNA,LINC02895,gene body
271,gene3,ACAAAATGAAGGCAGAAATA,AAG,3148-3171,+,1,1,Chr15,38142760,38142779,ENSG00000259380,ENST00000561161,lncRNA,LINC02895,gene body
272,gene3,CTTTGAAACCAATGAGAACA,AAG,3176-3199,+,1,1,Chr15,38142788,38142807,ENSG00000259380,ENST00000561161,lncRNA,LINC02895,gene body
273,gene3,ACACAACATACCAGAATCTC,TGG,3199-3222,+,1,1,Chr15,38142811,38142830,ENSG00000259380,ENST00000561161,lncRNA,LINC02895,gene body
274,gene3,GACAGATTCAAAGCAGTGTG,TAG,3222-3245,+,1,1,Chr15,38142834,38142853,ENSG00000259380,ENST00000561161,lncRNA,LINC02895,gene body
275,gene3,TATAGCACTAAATGCCCCAC,AAG,3254-3277,+,1,1,Chr15,38142866,38142885,ENSG00000259380,ENST00000561161,lncRNA,LINC02895,gene body
276,gene3,CACCCTAACATCACAATTAA,AAG,3303-3326,+,1,1,Chr15,38142915,38142934,ENSG00000259380,ENST00000561161,lncRNA,LINC02895,gene body
277,gene3,GCAAGAGCAAACAAATTCAA,AAG,3336-3359,+,1,1,Chr15,38142948,38142967,ENSG00000259380,ENST00000561161,lncRNA,LINC02895,gene body
278,gene3,GCAGAAGGCAAGAAATAACT,AAG,3362-3385,+,1,0,Chr15,38142974,38142993,ENSG00000259380,ENST00000561161,lncRNA,LINC02895,gene body
279,gene3,TAGAGCAGAACTGAAGGAAA,TAG,3387-3410,+,1,1,Chr15,38142999,38143018,ENSG00000259380,ENST00000561161,lncRNA,LINC02895,gene body
280,gene3,CTTCAAAAAATTAATGAATC,CAG,3424-3447,+,0,0,Chr15,38143036,38143055,ENSG00000259380,ENST00000561161,lncRNA,LINC02895,gene body
281,gene3,GAAAGGATCAACAAAATTGA,TAG,3460-3483,+,1,1,Chr15,38143072,38143091,ENSG00000259380,ENST00000561161,lncRNA,LINC02895,gene body
282,gene3,TGTTGATCCTTTCAAAAAAC,CAG,3450-3473,-,0,1,Chr15,38143062,38143081,ENSG00000259380,ENST00000561161,lncRNA,LINC02895,gene body
283,gene3,CTGGATTCATTAATTTTTTG,AAG,3424-3447,-,0,0,Chr15,38143036,38143055,ENSG00000259380,ENST00000561161,lncRNA,LINC02895,gene body
284,gene3,TTTTATGTCTCTATTTCCTT,CAG,3397-3420,-,0,0,Chr15,38143009,38143028,ENSG00000259380,ENST00000561161,lncRNA,LINC02895,gene body
285,gene3,AGTTATTTCTTGCCTTCTGC,TAG,3359-3382,-,1,1,Chr15,38142971,38142990,ENSG00000259380,ENST00000561161,lncRNA,LINC02895,gene body
286,gene3,TTTGTTTGCTCTTGCTTCTC,TAG,3328-3351,-,1,1,Chr15,38142940,38142959,ENSG00000259380,ENST00000561161,lncRNA,LINC02895,gene body
287,gene3,TTCTTTTAATTGTGATGTTA,GGG,3305-3328,-,0,0,Chr15,38142917,38142936,ENSG00000259380,ENST00000561161,lncRNA,LINC02895,gene body
288,gene3,ATCTTTCCTGCTTTCTCTTG,TGG,3270-3293,-,1,1,Chr15,38142882,38142901,ENSG00000259380,ENST00000561161,lncRNA,LINC02895,gene body
289,gene3,ACACTGCTTTGAATCTGTCC,CAG,3218-3241,-,0,1,Chr15,38142830,38142849,ENSG00000259380,ENST00000561161,lncRNA,LINC02895,gene body
290,gene3,TGTTGTGTCTTTGTTCTCAT,TGG,3184-3207,-,1,1,Chr15,38142796,38142815,ENSG00000259380,ENST00000561161,lncRNA,LINC02895,gene body
291,gene3,CCTTCATTTTGTTATGTACC,CAG,3137-3160,-,0,0,Chr15,38142749,38142768,ENSG00000259380,ENST00000561161,lncRNA,LINC02895,gene body
292,gene3,TCATTCAGGAGTAAGTTGTT,CAG,3111-3134,-,1,1,Chr15,38142723,38142742,ENSG00000259380,ENST00000561161,lncRNA,LINC02895,gene body
293,gene3,CCATGTAGTTGAGCAGTTTT,GAG,3085-3108,-,0,0,Chr15,38142697,38142716,ENSG00000259380,ENST00000561161,lncRNA,LINC02895,gene body
294,gene3,AGTTTCTTAATCCTGAGTTC,TAG,3060-3083,-,1,1,Chr15,38142672,38142691,ENSG00000259380,ENST00000561161,lncRNA,LINC02895,gene body
295,gene3,TTGATTGCACTGTGGTCTGA,GAG,3036-3059,-,1,1,Chr15,38142648,38142667,ENSG00000259380,ENST00000561161,lncRNA,LINC02895,gene body
296,gene3,TCTGATCTTTTACATTTGCT,GAG,2997-3020,-,0,0,Chr15,38142609,38142628,ENSG00000259380,ENST00000561161,lncRNA,LINC02895,gene body
297,gene3,GAGCTTTACTTCCAACTGTG,TGG,2972-2995,-,1,1,Chr15,38142584,38142603,ENSG00000259380,ENST00000561161,lncRNA,LINC02895,gene body
298,gene3,ATTTTGGAATAGGTGTGGTG,TGG,2946-2969,-,0,0,Chr15,38142558,38142577,ENSG00000259380,ENST00000561161,lncRNA,LINC02895,gene body
299,gene3,AAATGTATATTCTGTTGATT,TGG,2914-2937,-,0,0,Chr15,38142526,38142545,ENSG00000259380,ENST00000561161,lncRNA,LINC02895,gene body
300,gene3,AGAGTTCTGTAGATGTCTAT,TAG,2886-2909,-,1,1,Chr15,38142498,38142517,ENSG00000259380,ENST00000561161,lncRNA,LINC02895,gene body
301,gene3,GCAGAGCTGAGTTCAATTCC,TGG,2852-2875,-,1,0,Chr15,38142464,38142483,ENSG00000259380,ENST00000561161,lncRNA,LINC02895,gene body
302,gene3,TAACTTTCTGTCTCATTGAT,CGG,2819-2842,-,1,1,Chr15,38142431,38142450,ENSG00000259380,ENST00000561161,lncRNA,LINC02895,gene body
303,gene3,ATATTGACAGTGGGGTGTTA,AAG,2792-2815,-,1,1,Chr15,38142404,38142423,ENSG00000259380,ENST00000561161,lncRNA,LINC02895,gene body
304,gene3,CTCCCATTATTATTGTGTGG,GAG,2768-2791,-,1,1,Chr15,38142380,38142399,ENSG00000259380,ENST00000561161,lncRNA,LINC02895,gene body
305,gene3,AAGTCTCTTTGTAGGTCACT,CAG,2742-2765,-,1,1,Chr15,38142354,38142373,ENSG00000259380,ENST00000561161,lncRNA,LINC02895,gene body
306,gene3,GAATCTGGGTGCTCCTGTAT,TGG,2707-2730,-,0,1,Chr15,38142319,38142338,ENSG00000259380,ENST00000561161,lncRNA,LINC02895,gene body
307,gene3,GCATATATATTTAGGATAGT,TAG,2682-2705,-,1,1,Chr15,38142294,38142313,ENSG00000259380,ENST00000561161,lncRNA,LINC02895,gene body
308,gene3,ATCCCTTTACCATTATGTAA,TGG,2642-2665,-,1,1,Chr15,38142254,38142273,ENSG00000259380,ENST00000561161,lncRNA,LINC02895,gene body
309,gene3,TTGTCTCTTTTGATCTTTAT,TGG,2613-2636,-,0,0,Chr15,38142225,38142244,ENSG00000259380,ENST00000561161,lncRNA,LINC02895,gene body
310,gene3,AAGTCTGTTTTATCAGAGAC,TAG,2586-2609,-,0,0,Chr15,38142198,38142217,ENSG00000259380,ENST00000561161,lncRNA,LINC02895,gene body
311,gene3,TTTTTTGTTTTCCATTTGCT,TGG,2547-2570,-,0,0,Chr15,38142159,38142178,ENSG00000259380,ENST00000561161,lncRNA,LINC02895,gene body
312,gene3,TTCCTCCATCCTTTTATTTT,GAG,2518-2541,-,0,0,Chr15,38142130,38142149,ENSG00000259380,ENST00000561161,lncRNA,LINC02895,gene body
313,gene3,CTATATTTGTCTCTGCACGT,GAG,2494-2517,-,1,1,Chr15,38142106,38142125,ENSG00000259380,ENST00000561161,lncRNA,LINC02895,gene body
314,gene3,TCCTGAATACAGCACACTGA,TGG,2464-2487,-,0,1,Chr15,38142076,38142095,ENSG00000259380,ENST00000561161,lncRNA,LINC02895,gene body
315,gene3,TGACTCTTTATCCAATTTGC,CAG,2437-2460,-,1,1,Chr15,38142049,38142068,ENSG00000259380,ENST00000561161,lncRNA,LINC02895,gene body
316,gene3,TGTCTTTTAATTGGAGCATT,TAG,2410-2433,-,0,0,Chr15,38142022,38142041,ENSG00000259380,ENST00000561161,lncRNA,LINC02895,gene body
317,gene3,TGATCCTGTCATGATGATGT,TAG,2348-2371,-,1,1,Chr15,38141960,38141979,ENSG00000259380,ENST00000561161,lncRNA,LINC02895,gene body
318,gene3,ATTTTGCTTGTTAGTTGATG,CAG,2319-2342,-,0,0,Chr15,38141931,38141950,ENSG00000259380,ENST00000561161,lncRNA,LINC02895,gene body
319,gene3,CCTCGATGGTCTTTACAATT,TGG,2285-2308,-,1,1,Chr15,38141897,38141916,ENSG00000259380,ENST00000561161,lncRNA,LINC02895,gene body
320,gene3,GATTTTGCAGCGGCTGGTAC,CGG,2259-2282,-,0,0,Chr15,38141871,38141890,ENSG00000259380,ENST00000561161,lncRNA,LINC02895,gene body
321,gene3,TCCATGTTTAGTGCTTCCTT,CAG,2227-2250,-,1,1,Chr15,38141839,38141858,ENSG00000259380,ENST00000561161,lncRNA,LINC02895,gene body
322,gene3,GAGCTCTTTTAGGGCAGGCC,TGG,2204-2227,-,0,0,Chr15,38141816,38141835,ENSG00000259380,ENST00000561161,lncRNA,LINC02895,gene body
323,gene3,TCAGCATTTGCTTGTCTGTA,AAG,2166-2189,-,1,1,Chr15,38141778,38141797,ENSG00000259380,ENST00000561161,lncRNA,LINC02895,gene body
324,gene3,TTATTTCTCCTTCACTTATG,AAG,2139-2162,-,1,1,Chr15,38141751,38141770,ENSG00000259380,ENST00000561161,lncRNA,LINC02895,gene body
325,gene3,TTTGGCTGGATATGAAATTC,TGG,2111-2134,-,1,0,Chr15,38141723,38141742,ENSG00000259380,ENST00000561161,lncRNA,LINC02895,gene body
326,gene3,CTTTTCTTTAAGTTGAATAT,TGG,2078-2101,-,0,0,Chr15,38141690,38141709,ENSG00000259380,ENST00000561161,lncRNA,LINC02895,gene body
327,gene3,GCCCACTCTCTTCTGGCTTG,TAG,2054-2077,-,1,1,Chr15,38141666,38141685,ENSG00000259380,ENST00000561161,lncRNA,LINC02895,gene body
328,gene3,TCTGCCGAGAGATCCACTGT,TAG,2027-2050,-,0,1,Chr15,38141639,38141658,ENSG00000259380,ENST00000561161,lncRNA,LINC02895,gene body
329,gene3,TCTGACGGGCTTCCCTTTGT,GGG,2004-2027,-,1,1,Chr15,38141616,38141635,ENSG00000259380,ENST00000561161,lncRNA,LINC02895,gene body
330,gene3,TTTTTCCTTCATTTCAACTT,TGG,1947-1970,-,0,0,Chr15,38141559,38141578,ENSG00000259380,ENST00000561161,lncRNA,LINC02895,gene body
331,gene3,AATCTGACAATTATGTGTCT,TGG,1922-1945,-,1,1,Chr15,38141534,38141553,ENSG00000259380,ENST00000561161,lncRNA,LINC02895,gene body
332,gene3,CTTCTCGAGGAGCATCTTTG,TGG,1892-1915,-,0,1,Chr15,38141504,38141523,ENSG00000259380,ENST00000561161,lncRNA,LINC02895,gene body
333,gene3,TATTTCCTGAATCTGAATGT,TGG,1860-1883,-,1,1,Chr15,38141472,38141491,ENSG00000259380,ENST00000561161,lncRNA,LINC02895,gene body
334,gene3,CCTGCCTTGCTAGATTGGGG,AAG,1837-1860,-,1,1,Chr15,38141449,38141468,ENSG00000259380,ENST00000561161,lncRNA,LINC02895,gene body
335,gene3,TTCTCCTGGATAATATCCTG,CAG,1814-1837,-,1,1,Chr15,38141426,38141445,ENSG00000259380,ENST00000561161,lncRNA,LINC02895,gene body
336,gene3,TCCATTCTCCCTGTCACTTT,CAG,1773-1796,-,1,1,Chr15,38141385,38141404,ENSG00000259380,ENST00000561161,lncRNA,LINC02895,gene body
337,gene3,ACACCAATCAGACGTAGATT,TGG,1748-1771,-,1,1,Chr15,38141360,38141379,ENSG00000259380,ENST00000561161,lncRNA,LINC02895,gene body
338,gene3,TCACATAGTCCCATATTTCT,TGG,1720-1743,-,1,1,Chr15,38141332,38141351,ENSG00000259380,ENST00000561161,lncRNA,LINC02895,gene body
339,gene3,ATCACTGATACCCTTTCTTC,CAG,1622-1645,-,0,1,Chr15,38141234,38141253,ENSG00000259380,ENST00000561161,lncRNA,LINC02895,gene body
340,gene3,AGGCTTCTGTATTCTTCACG,TAG,1580-1603,-,1,1,Chr15,38141192,38141211,ENSG00000259380,ENST00000561161,lncRNA,LINC02895,gene body
341,gene3,GCCTTGGCTTTCAGCTCCAT,CAG,1550-1573,-,1,1,Chr15,38141162,38141181,ENSG00000259380,ENST00000561161,lncRNA,LINC02895,gene body
342,gene3,CTTTAAGCACTTCTCTGTAT,TGG,1524-1547,-,1,1,Chr15,38141136,38141155,ENSG00000259380,ENST00000561161,lncRNA,LINC02895,gene body
343,gene3,CTTTTCAACTTCTTTGCCTT,TGG,1464-1487,-,0,0,Chr15,38141076,38141095,ENSG00000259380,ENST00000561161,lncRNA,LINC02895,gene body
344,gene3,TTGAATTTCCTTCTGTAGCT,CGG,1440-1463,-,1,1,Chr15,38141052,38141071,ENSG00000259380,ENST00000561161,lncRNA,LINC02895,gene body
345,gene3,CTTCTTCTCTCAACTCGTCA,AAG,1396-1419,-,0,1,Chr15,38141008,38141027,ENSG00000259380,ENST00000561161,lncRNA,LINC02895,gene body
346,gene3,ATCCAGCTTTGTTCCGTTGC,TGG,1364-1387,-,1,1,Chr15,38140976,38140995,ENSG00000259380,ENST00000561161,lncRNA,LINC02895,gene body
347,gene3,TGAGGAGCTGCGTTCCTTTG,GAG,1341-1364,-,1,1,Chr15,38140953,38140972,ENSG00000259380,ENST00000561161,lncRNA,LINC02895,gene body
348,gene3,AGGAGAGGCGCTCTGATTTT,TAG,1317-1340,-,0,0,Chr15,38140929,38140948,ENSG00000259380,ENST00000561161,lncRNA,LINC02895,gene body
349,gene3,CTGTTTTTTCCCCATCTTTG,TGG,1275-1298,-,0,0,Chr15,38140887,38140906,ENSG00000259380,ENST00000561161,lncRNA,LINC02895,gene body
350,gene3,CTACTTTTGGTCTTTGATGA,TGG,1246-1269,-,0,0,Chr15,38140858,38140877,ENSG00000259380,ENST00000561161,lncRNA,LINC02895,gene body
351,gene3,GTACAGATGGGTTTTTGGTG,TGG,1219-1242,-,0,0,Chr15,38140831,38140850,ENSG00000259380,ENST00000561161,lncRNA,LINC02895,gene body
352,gene3,TTTGTTAGTTTTCCTTCTAA,CAG,1184-1207,-,0,0,Chr15,38140796,38140815,ENSG00000259380,ENST00000561161,lncRNA,LINC02895,gene body
353,gene3,ACCCTCAGCTGCAGGTCTGT,TGG,1156-1179,-,1,1,Chr15,38140768,38140787,ENSG00000259380,ENST00000561161,lncRNA,LINC02895,gene body
354,gene3,AGTTTGCTAGAGGTCCACTC,CAG,1133-1156,-,0,1,Chr15,38140745,38140764,ENSG00000259380,ENST00000561161,lncRNA,LINC02895,gene body
355,gene3,CCTGTTTGCCTGGGTACCAG,CAG,1108-1131,-,1,1,Chr15,38140720,38140739,ENSG00000259380,ENST00000561161,lncRNA,LINC02895,gene body
356,gene3,CTGCTGTCTGATTGTTCCTC,TGG,1045-1068,-,1,1,Chr15,38140657,38140676,ENSG00000259380,ENST00000561161,lncRNA,LINC02895,gene body
357,gene3,TTTTGTCTCAGAGGAGTACC,CGG,1019-1042,-,0,0,Chr15,38140631,38140650,ENSG00000259380,ENST00000561161,lncRNA,LINC02895,gene body
358,gene3,AGGTGTCAGTCTGCCCCTAC,TGG,989-1012,-,1,1,Chr15,38140601,38140620,ENSG00000259380,ENST00000561161,lncRNA,LINC02895,gene body
359,gene3,TGCCTCCCAGTTAGGCTGCT,CAG,962-985,-,1,1,Chr15,38140574,38140593,ENSG00000259380,ENST00000561161,lncRNA,LINC02895,gene body
360,gene3,CAGGAGTCAGGGACCCACTT,GAG,935-958,-,1,1,Chr15,38140547,38140566,ENSG00000259380,ENST00000561161,lncRNA,LINC02895,gene body
361,gene3,TCTGCCTGTTCTCAGATCTC,CAG,905-928,-,1,1,Chr15,38140517,38140536,ENSG00000259380,ENST00000561161,lncRNA,LINC02895,gene body
362,gene3,GGAGAACCACTGCTCTCTCA,AAG,872-895,-,1,1,Chr15,38140484,38140503,ENSG00000259380,ENST00000561161,lncRNA,LINC02895,gene body
363,gene3,GACAGGGACATTTAAGTCTG,CAG,843-866,-,1,1,Chr15,38140455,38140474,ENSG00000259380,ENST00000561161,lncRNA,LINC02895,gene body
364,gene3,TTTTGTCTATGCCCTGCCCC,CAG,805-828,-,0,0,Chr15,38140417,38140436,ENSG00000259380,ENST00000561161,lncRNA,LINC02895,gene body
365,gene3,GTGGAGCCTACAGAGGCAGG,CAG,780-803,-,1,1,Chr15,38140392,38140411,ENSG00000259380,ENST00000561161,lncRNA,LINC02895,gene body
366,gene3,GAGCTGTGGTGGGCTCCACC,CAG,749-772,-,1,1,Chr15,38140361,38140380,ENSG00000259380,ENST00000561161,lncRNA,LINC02895,gene body
367,gene3,CCCCGCTGCTTTGTTTACCT,AAG,716-739,-,1,1,Chr15,38140328,38140347,ENSG00000259380,ENST00000561161,lncRNA,LINC02895,gene body
368,gene3,AATGGCGGGCTCCCCTCCCC,CAG,682-705,-,1,1,Chr15,38140294,38140313,ENSG00000259380,ENST00000561161,lncRNA,LINC02895,gene body
369,gene3,GCAGCCTTGCAGTTTGATCT,CAG,652-675,-,1,1,Chr15,38140264,38140283,ENSG00000259380,ENST00000561161,lncRNA,LINC02895,gene body
370,gene3,CTGCTGTGCTACCAATCAGT,GAG,628-651,-,1,1,Chr15,38140240,38140259,ENSG00000259380,ENST00000561161,lncRNA,LINC02895,gene body
371,gene3,GGTCATAGGACCCTCCGATC,CAG,598-621,-,0,1,Chr15,38140210,38140229,ENSG00000259380,ENST00000561161,lncRNA,LINC02895,gene body
372,gene3,CTCCTGGTACGCCGTTTTTT,AAG,561-584,-,0,0,Chr15,38140173,38140192,ENSG00000259380,ENST00000561161,lncRNA,LINC02895,gene body
373,gene3,CCATCGGAAAAGCGCAGTAT,TGG,537-560,-,1,1,Chr15,38140149,38140168,ENSG00000259380,ENST00000561161,lncRNA,LINC02895,gene body
374,gene3,GTGGGAGTGACCCGATTTTC,CAG,513-536,-,0,0,Chr15,38140125,38140144,ENSG00000259380,ENST00000561161,lncRNA,LINC02895,gene body
375,gene3,CTGTCCCCCGTTTCTTTGAC,TAG,483-506,-,1,1,Chr15,38140095,38140114,ENSG00000259380,ENST00000561161,lncRNA,LINC02895,gene body
376,gene3,CCTGACCCCTTGTGCTTCCC,GAG,448-471,-,1,1,Chr15,38140060,38140079,ENSG00000259380,ENST00000561161,lncRNA,LINC02895,gene body
377,gene3,GGCAATGCCTCGCCCTCCTT,CGG,422-445,-,1,1,Chr15,38140034,38140053,ENSG00000259380,ENST00000561161,lncRNA,LINC02895,gene body
378,gene3,ACTGTCCTGCGCCCACTGTC,TGG,376-399,-,1,1,Chr15,38139988,38140007,ENSG00000259380,ENST00000561161,lncRNA,LINC02895,gene body
379,gene3,ACTCCCTAGTGAGATGAACC,CAG,352-375,-,1,1,Chr15,38139964,38139983,ENSG00000259380,ENST00000561161,lncRNA,LINC02895,gene body
380,gene3,GTCTTCTACGTCGCTCACGC,TGG,300-323,-,1,0,Chr15,38139912,38139931,ENSG00000259380,ENST00000561161,lncRNA,LINC02895,gene body
381,gene3,AGACCGGAGCTGTTCCTATT,CAG,270-293,-,0,1,Chr15,38139882,38139901,ENSG00000259380,ENST00000561161,lncRNA,LINC02895,gene body
382,gene3,TCTTGGCTCCAGCCAAGCTC,CAG,244-267,-,1,1,Chr15,38139856,38139875,ENSG00000259380,ENST00000561161,lncRNA,LINC02895,gene body
383,gene3,ATCTTATCCAGGAGAAAATC,AAG,220-243,-,0,1,Chr15,38139832,38139851,ENSG00000259380,ENST00000561161,lncRNA,LINC02895,gene body
384,gene3,TAAGAAATATTTCACAGTAT,CAG,196-219,-,0,0,Chr15,38139808,38139827,ENSG00000259380,ENST00000561161,lncRNA,LINC02895,gene body
385,gene3,CGTTTCCTTTCTCTCGTTTT,CAG,157-180,-,0,0,Chr15,38139769,38139788,ENSG00000259380,ENST00000561161,lncRNA,LINC02895,gene body
386,gene3,TTCGCACCAAGCGTGGATCT,AAG,132-155,-,1,1,Chr15,38139744,38139763,ENSG00000259380,ENST00000561161,lncRNA,LINC02895,gene body
387,gene3,TGGAAATGCTGAATGGTTGT,TAG,104-127,-,1,1,Chr15,38139716,38139735,ENSG00000259380,ENST00000561161,lncRNA,LINC02895,gene body
388,gene3,TTTGGAGCTTTCTCTTGATG,CAG,77-100,-,0,1,Chr15,38139689,38139708,ENSG00000259380,ENST00000561161,lncRNA,LINC02895,gene body
389,gene3,ATTACTTGTAGTGTTGAACA,GAG,53-76,-,1,1,Chr15,38139665,38139684,ENSG00000259380,ENST00000561161,lncRNA,LINC02895,gene body
390,gene3,CAATTTTTTTAAATCGCATG,CAG,19-42,-,0,0,Chr15,38139631,38139650,ENSG00000259380,ENST00000561161,lncRNA,LINC02895,gene body
391,gene4,AACCTGCCCAACACGATTAC,TGG,25-48,+,1,1,Chr14,71294162,71294181,ENSG00000259146,ENST00000662547,lncRNA,SIPA1L1-AS1,gene body
392,gene4,GAAATGCCGTGGAGCGATTT,AAG,56-79,+,1,1,Chr14,71294193,71294212,ENSG00000259146,ENST00000662547,lncRNA,SIPA1L1-AS1,gene body
393,gene4,AGCCTCGGAAATTTCCTTTA,AGG,79-102,+,0,1,Chr14,71294216,71294235,ENSG00000259146,ENST00000662547,lncRNA,SIPA1L1-AS1,gene body
394,gene4,GGAGAGAAGCTGGTAACAGA,TGG,105-128,+,1,0,Chr14,71294242,71294261,ENSG00000259146,ENST00000662547,lncRNA,SIPA1L1-AS1,gene body
395,gene4,AGGAGGAAAAGTTCTTTTTG,CGG,133-156,+,0,0,Chr14,71294270,71294289,ENSG00000259146,ENST00000662547,lncRNA,SIPA1L1-AS1,gene body
396,gene4,ACGCCTTCCCAGCCCTTTCG,CGG,163-186,+,1,1,Chr14,71294300,71294319,ENSG00000259146,ENST00000662547,lncRNA,SIPA1L1-AS1,gene body
397,gene4,TTTACTCGCTCCCCGGAAAG,CAG,186-209,+,1,1,Chr14,71294323,71294342,ENSG00000259146,ENST00000662547,lncRNA,SIPA1L1-AS1,gene body
398,gene4,GGCATTCAAGCAGCCCTGAG,GAG,209-232,+,0,1,Chr14,71294346,71294365,ENSG00000259146,ENST00000662547,lncRNA,SIPA1L1-AS1,gene body
399,gene4,GGTCCACATGGTGAGCCACT,GAG,233-256,+,1,1,Chr14,71294370,71294389,ENSG00000259146,ENST00000662547,lncRNA,SIPA1L1-AS1,gene body
400,gene4,TTGCCAAGAGCCAGCACCAA,CGG,260-283,+,1,1,Chr14,71294397,71294416,ENSG00000259146,ENST00000662547,lncRNA,SIPA1L1-AS1,gene body
401,gene4,AGGTTTGGAGTGTACCACCT,TGG,286-309,+,1,1,Chr14,71294423,71294442,ENSG00000259146,ENST00000662547,lncRNA,SIPA1L1-AS1,gene body
402,gene4,GTGAATCTTCCAGTCCAGTC,AAG,311-334,+,1,0,Chr14,71294448,71294467,ENSG00000259146,ENST00000662547,lncRNA,SIPA1L1-AS1,gene body
403,gene4,GACTTCAGAACCGTCCATGT,AAG,343-366,+,1,1,Chr14,71294480,71294499,ENSG00000259146,ENST00000662547,lncRNA,SIPA1L1-AS1,gene body
404,gene4,ACTCTTGGATTCCTGACCCA,CAG,368-391,+,0,1,Chr14,71294505,71294524,ENSG00000259146,ENST00000662547,lncRNA,SIPA1L1-AS1,gene body
405,gene4,GTGCCTCCTGATTGAAAAAA,CAG,415-438,+,1,0,Chr14,71294552,71294571,ENSG00000259146,ENST00000662547,lncRNA,SIPA1L1-AS1,gene body
406,gene4,AACATCACCTGTAGTCTTGC,CAG,438-461,+,1,1,Chr14,71294575,71294594,ENSG00000259146,ENST00000662547,lncRNA,SIPA1L1-AS1,gene body
407,gene4,ACTGAAGTCCAATTAACCTC,TGG,470-493,+,1,1,Chr14,71294607,71294626,ENSG00000259146,ENST00000662547,lncRNA,SIPA1L1-AS1,gene body
408,gene4,AGCTGCCAATTTGCAGGAAA,TAG,497-520,+,0,1,Chr14,71294634,71294653,ENSG00000259146,ENST00000662547,lncRNA,SIPA1L1-AS1,gene body
409,gene4,ATTTCCTGCAAATTGGCAGC,TGG,495-518,-,1,1,Chr14,71294632,71294651,ENSG00000259146,ENST00000662547,lncRNA,SIPA1L1-AS1,gene body
410,gene4,TCCAGAGGTTAATTGGACTT,CAG,471-494,-,1,1,Chr14,71294608,71294627,ENSG00000259146,ENST00000662547,lncRNA,SIPA1L1-AS1,gene body
411,gene4,TGATCTCACTGGCAAGACTA,CAG,446-469,-,1,1,Chr14,71294583,71294602,ENSG00000259146,ENST00000662547,lncRNA,SIPA1L1-AS1,gene body
412,gene4,TGATGTTCTGTTTTTTCAAT,CAG,422-445,-,0,0,Chr14,71294559,71294578,ENSG00000259146,ENST00000662547,lncRNA,SIPA1L1-AS1,gene body
413,gene4,ACATGTTTGTCTGTCTCCAA,CAG,394-417,-,1,1,Chr14,71294531,71294550,ENSG00000259146,ENST00000662547,lncRNA,SIPA1L1-AS1,gene body
414,gene4,TTTCTGTGGGTCAGGAATCC,AAG,371-394,-,0,1,Chr14,71294508,71294527,ENSG00000259146,ENST00000662547,lncRNA,SIPA1L1-AS1,gene body
415,gene4,GGCTTACATGGACGGTTCTG,AAG,345-368,-,0,1,Chr14,71294482,71294501,ENSG00000259146,ENST00000662547,lncRNA,SIPA1L1-AS1,gene body
416,gene4,ATCTGAAGGCTTGACTGGAC,TGG,320-343,-,1,1,Chr14,71294457,71294476,ENSG00000259146,ENST00000662547,lncRNA,SIPA1L1-AS1,gene body
417,gene4,AAGGTGGTACACTCCAAACC,TGG,284-307,-,0,1,Chr14,71294421,71294440,ENSG00000259146,ENST00000662547,lncRNA,SIPA1L1-AS1,gene body
418,gene4,CGTTGGTGCTGGCTCTTGGC,AAG,259-282,-,1,1,Chr14,71294396,71294415,ENSG00000259146,ENST00000662547,lncRNA,SIPA1L1-AS1,gene body
419,gene4,GCCCTCAGTGGCTCACCATG,TGG,236-259,-,1,1,Chr14,71294373,71294392,ENSG00000259146,ENST00000662547,lncRNA,SIPA1L1-AS1,gene body
420,gene4,TGCTTGAATGCCCTGCTTTC,CGG,198-221,-,1,1,Chr14,71294335,71294354,ENSG00000259146,ENST00000662547,lncRNA,SIPA1L1-AS1,gene body
421,gene4,GGAGCGAGTAAACCGCGAAA,GGG,175-198,-,0,1,Chr14,71294312,71294331,ENSG00000259146,ENST00000662547,lncRNA,SIPA1L1-AS1,gene body
422,gene4,AGGCGTGAGGGTGCCGCAAA,AAG,146-169,-,0,1,Chr14,71294283,71294302,ENSG00000259146,ENST00000662547,lncRNA,SIPA1L1-AS1,gene body
423,gene4,TCCTTCGCCCCATCTGTTAC,CAG,114-137,-,1,1,Chr14,71294251,71294270,ENSG00000259146,ENST00000662547,lncRNA,SIPA1L1-AS1,gene body
424,gene4,TGACCTTAAAGGAAATTTCC,GAG,82-105,-,1,1,Chr14,71294219,71294238,ENSG00000259146,ENST00000662547,lncRNA,SIPA1L1-AS1,gene body
425,gene4,AAATCGCTCCACGGCATTTC,TAG,53-76,-,0,1,Chr14,71294190,71294209,ENSG00000259146,ENST00000662547,lncRNA,SIPA1L1-AS1,gene body
426,gene4,GGACCAGTAATCGTGTTGGG,CAG,28-51,-,1,0,Chr14,71294165,71294184,ENSG00000259146,ENST00000662547,lncRNA,SIPA1L1-AS1,gene body
427,gene4,GTTGAAATTTCATCGCGGTT,TGG,528,-,1,1,Chr14,71294142,71294161,ENSG00000259146,ENST00000662547,lncRNA,SIPA1L1-AS1,gene body
428,gene5,TGACTTGGAAGCGGTGGGCT,GAG,427,+,1,1,Not Found,Not Found,Not Found,Not Found,Not Found,Not Found,Not Found,Not Found
429,gene5,CATCTGGCTTGTTCCATTGC,CAG,39-62,+,1,1,Not Found,Not Found,Not Found,Not Found,Not Found,Not Found,Not Found,Not Found
430,gene5,AGGCGACATTCACACGAACC,CAG,71-94,+,0,1,Not Found,Not Found,Not Found,Not Found,Not Found,Not Found,Not Found,Not Found
431,gene5,CTGCAGGGGCGCGTGAGCTA,CAG,97-120,+,1,1,Not Found,Not Found,Not Found,Not Found,Not Found,Not Found,Not Found,Not Found
432,gene5,GCATCCAAGGAGTGCGCAAC,TAG,130-153,+,1,1,Not Found,Not Found,Not Found,Not Found,Not Found,Not Found,Not Found,Not Found
433,gene5,TCTCACTCTGTTGCCCAGGC,TGG,153-176,+,1,1,Not Found,Not Found,Not Found,Not Found,Not Found,Not Found,Not Found,Not Found
434,gene5,GGCGCGATCTCAGCTTACTT,CAG,184-207,+,1,1,Not Found,Not Found,Not Found,Not Found,Not Found,Not Found,Not Found,Not Found
435,gene5,CCGGTTTCAAGTGAATTCTC,CAG,217-240,+,1,1,Not Found,Not Found,Not Found,Not Found,Not Found,Not Found,Not Found,Not Found
436,gene5,CCTCAACTTCACAAGTAGCT,GGG,240-263,+,1,1,Not Found,Not Found,Not Found,Not Found,Not Found,Not Found,Not Found,Not Found
437,gene5,CAACCCACATAATTTCCATG,AAG,297-320,+,1,0,Not Found,Not Found,Not Found,Not Found,Not Found,Not Found,Not Found,Not Found
438,gene5,GAGTGGTGTCATTTTACAAC,AAG,326-349,+,0,0,Not Found,Not Found,Not Found,Not Found,Not Found,Not Found,Not Found,Not Found
439,gene5,GAATAAGTCCAATCAATTGC,TAG,362-385,+,1,0,Not Found,Not Found,Not Found,Not Found,Not Found,Not Found,Not Found,Not Found
440,gene5,AGACTGAAATGGAAGTCTCT,TAG,391-414,+,0,1,Not Found,Not Found,Not Found,Not Found,Not Found,Not Found,Not Found,Not Found
441,gene5,GTACTAAGAGACTTCCATTT,CAG,394-417,-,1,1,Not Found,Not Found,Not Found,Not Found,Not Found,Not Found,Not Found,Not Found
442,gene5,CTCAACACCTAGCAATTGAT,TGG,370-393,-,1,1,Not Found,Not Found,Not Found,Not Found,Not Found,Not Found,Not Found,Not Found
443,gene5,ACACCACTCCGCTTTCTTCA,TGG,312-335,-,1,1,Not Found,Not Found,Not Found,Not Found,Not Found,Not Found,Not Found,Not Found
444,gene5,AAATTATGTGGGTTGGATTG,CAG,289-312,-,1,1,Not Found,Not Found,Not Found,Not Found,Not Found,Not Found,Not Found,Not Found
445,gene5,ATAAAAAGTGGCTGTAATCC,CAG,258-281,-,1,0,Not Found,Not Found,Not Found,Not Found,Not Found,Not Found,Not Found,Not Found
446,gene5,TACTTGTGAAGTTGAGGCTG,GAG,234-257,-,1,1,Not Found,Not Found,Not Found,Not Found,Not Found,Not Found,Not Found,Not Found
447,gene5,ATTCACTTGAAACCGGGAGG,CGG,210-233,-,1,1,Not Found,Not Found,Not Found,Not Found,Not Found,Not Found,Not Found,Not Found
448,gene5,GAGATCGCGCCACTGCACTC,CAG,172-195,-,1,1,Not Found,Not Found,Not Found,Not Found,Not Found,Not Found,Not Found,Not Found
449,gene5,CCTGGGCAACAGAGTGAGAC,TAG,149-172,-,1,1,Not Found,Not Found,Not Found,Not Found,Not Found,Not Found,Not Found,Not Found
450,gene5,GCGCACTCCTTGGATGCCAC,AAG,124-147,-,1,1,Not Found,Not Found,Not Found,Not Found,Not Found,Not Found,Not Found,Not Found
451,gene5,CTGTAGCTCACGCGCCCCTG,CAG,97-120,-,1,0,Not Found,Not Found,Not Found,Not Found,Not Found,Not Found,Not Found,Not Found
452,gene5,TGTGAATGTCGCCTCCACTC,TGG,62-85,-,1,1,Not Found,Not Found,Not Found,Not Found,Not Found,Not Found,Not Found,Not Found
453,gene5,TGGCAATGGAACAAGCCAGA,TGG,38-61,-,1,0,Not Found,Not Found,Not Found,Not Found,Not Found,Not Found,Not Found,Not Found
454,gene5,GGCCTCAGCCCACCGCTTCC,AAG,730,-,1,1,Not Found,Not Found,Not Found,Not Found,Not Found,Not Found,Not Found,Not Found
